timestamp,temperature,pressure,maintenance_required
2022-01-01 00:00:00,33.82026172983832,105.55962679709798,1
2022-01-01 01:00:00,27.000786041836115,108.9247388733153,0
2022-01-01 02:00:00,29.893689920528697,95.7768517587473,0
2022-01-01 03:00:00,36.204465996007286,101.04714029433285,0
2022-01-01 04:00:00,34.33778995074984,102.28053325124067,0
2022-01-01 05:00:00,20.113610600617946,102.01479946704433,0
2022-01-01 06:00:00,29.750442087627945,105.4077358530039,1
2022-01-01 07:00:00,24.24321395851151,81.8192236961643,0
2022-01-01 08:00:00,24.48390574103221,99.50675929852427,0
2022-01-01 09:00:00,27.05299250969186,102.39033601246764,0
2022-01-01 10:00:00,25.72021785580439,89.99669651046295,0
2022-01-01 11:00:00,32.27136753481488,116.73985707010709,0
2022-01-01 12:00:00,28.805188625734967,101.61559267238168,0
2022-01-01 13:00:00,25.608375082464143,115.6340474502893,0
2022-01-01 14:00:00,27.21931616372713,92.09476978166923,0
2022-01-01 15:00:00,26.668371636871335,90.92699878474673,0
2022-01-01 16:00:00,32.47039536578803,102.24252220965681,0
2022-01-01 17:00:00,23.974208681170996,83.21311637171343,0
2022-01-01 18:00:00,26.565338508254506,102.14965590626093,1
2022-01-01 19:00:00,20.729521303491374,100.97219232002918,0
2022-01-01 20:00:00,12.235050920829607,110.15665281542101,1
2022-01-01 21:00:00,28.268092977201803,107.01041341165097,0
2022-01-01 22:00:00,29.32218099429753,95.82522650114966,0
2022-01-01 23:00:00,21.28917489796779,89.02503345229755,0
2022-01-02 00:00:00,36.34877311993804,117.12305221343297,0
2022-01-02 01:00:00,17.728171627006176,92.0788497943485,0
2022-01-02 02:00:00,25.22879258650723,89.54475442930534,0
2022-01-02 03:00:00,24.064080749870833,89.15143940538555,1
2022-01-02 04:00:00,32.66389607179229,111.17305315536665,0
2022-01-02 05:00:00,32.346793849501424,94.81099795575147,1
2022-01-02 06:00:00,25.77473712848458,92.46295533819399,0
2022-01-02 07:00:00,26.890812598010868,101.37689825903347,0
2022-01-02 08:00:00,20.561071261849435,97.9305528944271,0
2022-01-02 09:00:00,15.096017658880365,93.21904539213753,0
2022-01-02 10:00:00,23.26043925336924,107.53991466978479,0
2022-01-02 11:00:00,25.7817448455199,110.65315492097994,0
2022-01-02 12:00:00,31.151453403638605,109.85317508939866,0
2022-01-02 13:00:00,31.011899243922056,107.66919669661199,0
2022-01-02 14:00:00,23.06336591296024,104.02625531130035,0
2022-01-02 15:00:00,23.488486247123323,82.24112000038171,0
2022-01-02 16:00:00,19.757235174664537,116.69250806376968,0
2022-01-02 17:00:00,17.899910314105124,103.01989210357553,0
2022-01-02 18:00:00,16.468649046874937,106.08156427600642,0
2022-01-02 19:00:00,34.75387697615895,111.14962322947402,0
2022-01-02 20:00:00,22.451739091241734,114.33352502881992,0
2022-01-02 21:00:00,22.809628491944068,104.18398011309192,0
2022-01-02 22:00:00,18.73602319975037,104.35546159295653,0
2022-01-02 23:00:00,28.88745177915955,94.0077572254028,0
2022-01-03 00:00:00,16.930510762210243,100.3308975113876,0
2022-01-03 01:00:00,23.936298598930158,91.45838739185646,0
2022-01-03 02:00:00,20.522667194031623,92.80059467858105,0
2022-01-03 03:00:00,26.93451248929631,91.06425597685809,0
2022-01-03 04:00:00,22.445974312155634,98.43976109002713,0
2022-01-03 05:00:00,19.09683907938794,110.4909318792001,0
2022-01-03 06:00:00,24.859088858306727,131.7097477329018,0
2022-01-03 07:00:00,27.141659352652088,101.89499637547914,1
2022-01-03 08:00:00,25.33258611191584,86.5158691224388,0
2022-01-03 09:00:00,26.512359488698905,112.64983329856256,0
2022-01-03 10:00:00,21.82838953159518,96.99216123523973,0
2022-01-03 11:00:00,23.186294170064308,93.39391406023007,0
2022-01-03 12:00:00,21.637697761120243,102.09849477923055,0
2022-01-03 13:00:00,23.202234192297293,87.59375400443773,0
2022-01-03 14:00:00,20.93426858977773,102.22463164008607,0
2022-01-03 15:00:00,16.368586988341615,99.11624476800846,0
2022-01-03 16:00:00,25.887130711268764,100.98377906815476,0
2022-01-03 17:00:00,22.991095318958692,103.81416254209171,0
2022-01-03 18:00:00,16.84900826516978,100.67492257240806,0
2022-01-03 19:00:00,27.313911277628872,100.16338084112893,0
2022-01-03 20:00:00,20.46350817808379,102.84314518997945,0
2022-01-03 21:00:00,25.259726978980694,104.15400626171127,0
2022-01-03 22:00:00,28.645452810887683,89.68517539684743,0
2022-01-03 23:00:00,25.644914553787054,85.70008741314551,0
2022-01-04 00:00:00,30.697003422716502,99.38361947827785,0
2022-01-04 01:00:00,18.825870898231738,85.67264510065891,0
2022-01-04 02:00:00,27.011708205887746,100.87531470921671,1
2022-01-04 03:00:00,21.575949545298435,109.3874687568231,1
2022-01-04 04:00:00,20.64601425409059,106.07111671916046,0
2022-01-04 05:00:00,22.105751676177924,89.51829593174527,0
2022-01-04 06:00:00,23.442237339363135,91.39737548042481,0
2022-01-04 07:00:00,25.280826711148727,103.28301295000756,0
2022-01-04 08:00:00,19.174250796083218,95.9870219486649,0
2022-01-04 09:00:00,29.504132434770938,96.83344704947893,0
2022-01-04 10:00:00,27.3283121986523,105.96906481247954,0
2022-01-04 11:00:00,17.31878156861388,90.12713306542348,0
2022-01-04 12:00:00,32.441260968978,95.98765290088818,1
2022-01-04 13:00:00,34.479445880152916,91.99917523915398,0
2022-01-04 14:00:00,30.893897855798254,89.56870501964644,0
2022-01-04 15:00:00,24.100375820938247,91.42921811328836,0
2022-01-04 16:00:00,19.646236892447288,106.77462169346411,0
2022-01-04 17:00:00,30.272258634655685,100.51820389482421,0
2022-01-04 18:00:00,22.9841152651341,91.20839371164925,0
2022-01-04 19:00:00,31.112225351912137,97.68898392407003,0
2022-01-04 20:00:00,26.0413748903843,83.61192692877822,1
2022-01-04 21:00:00,29.883195182418564,92.66687192416335,0
2022-01-04 22:00:00,26.78183198587201,121.49574534867287,0
2022-01-04 23:00:00,28.53286584095974,99.09756150334249,1
2022-01-05 00:00:00,25.052500103604103,107.31658927030392,1
2022-01-05 01:00:00,33.92935246952918,99.34511624855517,1
2022-01-05 02:00:00,25.6345604635181,103.4816923524181,0
2022-01-05 03:00:00,27.009946817223508,106.63258089679174,0
2022-01-05 04:00:00,34.41575348528127,88.95383402473529,0
2022-01-05 05:00:00,18.26120469428777,99.69063742726041,0
2022-01-05 06:00:00,18.647575007571334,115.78865194416488,0
2022-01-05 07:00:00,29.846983540790056,92.0449944994671,0
2022-01-05 08:00:00,19.1343829744292,94.3356014626778,0
2022-01-05 09:00:00,34.71810592824646,96.92308722632998,0
2022-01-05 10:00:00,22.931905096201262,102.69024073176247,0
2022-01-05 11:00:00,21.262725942796212,105.24917863645882,0
2022-01-05 12:00:00,34.614710132401925,112.67411654818656,0
2022-01-05 13:00:00,32.40257395717212,104.9949823346866,1
2022-01-05 14:00:00,34.33779480213285,99.37946874201666,0
2022-01-05 15:00:00,29.530223291376927,112.59167129610813,0
2022-01-05 16:00:00,20.693871574726487,107.04111022141582,0
2022-01-05 17:00:00,34.55032476549517,85.04320483742984,0
2022-01-05 18:00:00,23.659983145243096,125.26368240355998,0
2022-01-05 19:00:00,29.012281978981974,117.69921388196734,0
2022-01-05 20:00:00,29.73625983886874,98.31785777232926,0
2022-01-05 21:00:00,24.22494953454583,103.77910101738475,0
2022-01-05 22:00:00,28.0703968517304,113.2435874999584,0
2022-01-05 23:00:00,29.611033357832632,98.27799207303117,1
2022-01-06 00:00:00,26.88212765577815,107.3035179037702,0
2022-01-06 01:00:00,19.502996047079026,111.04578473571476,0
2022-01-06 02:00:00,26.49119087103028,89.8517409226556,0
2022-01-06 03:00:00,31.63192948343515,93.97668146417138,0
2022-01-06 04:00:00,21.527160701343174,109.2140839781058,0
2022-01-06 05:00:00,24.251827298361647,104.6081447714883,0
2022-01-06 06:00:00,22.82423224139181,109.23796560313947,0
2022-01-06 07:00:00,34.24631864239671,98.67431985346282,0
2022-01-06 08:00:00,28.361473785062177,97.10994789045768,0
2022-01-06 09:00:00,27.03730918120555,80.01360524416627,0
2022-01-06 10:00:00,21.150419627773417,88.53999573492557,1
2022-01-06 11:00:00,27.696245956459087,100.47066094658494,0
2022-01-06 12:00:00,21.62833669671312,108.24557219564237,0
2022-01-06 13:00:00,25.159152791371756,105.31178366535696,0
2022-01-06 14:00:00,21.820769608105596,98.71758025972298,0
2022-01-06 15:00:00,28.3821664747325,97.28228433509304,0
2022-01-06 16:00:00,27.882954083074704,102.1717963263828,0
2022-01-06 17:00:00,23.958506222110024,100.78211181092152,0
2022-01-06 18:00:00,26.980033563308226,114.04545514939711,0
2022-01-06 19:00:00,19.53469245634747,101.4644077047825,0
2022-01-06 20:00:00,17.543712036471973,85.18754037802702,0
2022-01-06 21:00:00,27.196958506322684,87.27441864967683,0
2022-01-06 22:00:00,25.833367476862644,115.1875933696358,0
2022-01-06 23:00:00,28.17515718446053,88.2883953854992,0
2022-01-07 00:00:00,36.91572387431971,107.64497453033533,0
2022-01-07 01:00:00,29.722397434952068,97.31627264790619,0
2022-01-07 02:00:00,20.43588887277921,98.30241706097515,0
2022-01-07 03:00:00,30.585081440479264,98.6586721723158,1
2022-01-07 04:00:00,18.420462947442395,112.21384959459198,0
2022-01-07 05:00:00,22.692076975926454,98.07158171456035,0
2022-01-07 06:00:00,24.658791973376843,99.66680717154847,0
2022-01-07 07:00:00,33.56671360824683,84.69196502600508,1
2022-01-07 08:00:00,21.2762258897578,102.06690511708004,0
2022-01-07 09:00:00,20.86780730670493,105.31042506978059,0
2022-01-07 10:00:00,24.50773737787284,102.39145580653788,0
2022-01-07 11:00:00,21.682608568189462,113.97896261086736,0
2022-01-07 12:00:00,30.633179610532537,100.55171354780232,0
2022-01-07 13:00:00,19.600342458182883,102.98977456119017,0
2022-01-07 14:00:00,19.26265673794449,116.4850401026818,1
2022-01-07 15:00:00,22.81089977627783,84.49985810641851,1
2022-01-07 16:00:00,22.509837746538476,95.44174652200631,0
2022-01-07 17:00:00,34.64766026908493,114.26158752019266,0
2022-01-07 18:00:00,29.747104034628805,109.36129148311082,0
2022-01-07 19:00:00,25.437756206925954,106.7838009884047,1
2022-01-07 20:00:00,18.87282240584916,108.32650739464478,0
2022-01-07 21:00:00,29.221814882007735,103.27066209121023,1
2022-01-07 22:00:00,19.998923263052177,116.31597427532272,0
2022-01-07 23:00:00,17.27614451611194,103.77759169730717,0
2022-01-08 00:00:00,30.94014896176151,102.39867105895279,0
2022-01-08 01:00:00,26.58471305962425,101.58958674125643,0
2022-01-08 02:00:00,29.604294118904093,101.92863955550386,1
2022-01-08 03:00:00,26.593638264715107,88.42982719184133,0
2022-01-08 04:00:00,29.284153059513457,107.70673054463343,0
2022-01-08 05:00:00,21.744872033499266,98.69560266216672,0
2022-01-08 06:00:00,19.828785791077678,118.21915097860406,0
2022-01-08 07:00:00,28.407972591408136,99.24349529411577,0
2022-01-08 08:00:00,20.982951679130792,104.20918284175657,0
2022-01-08 09:00:00,21.552251111248996,102.46602186261335,0
2022-01-08 10:00:00,22.722337482413284,93.74442964890747,0
2022-01-08 11:00:00,25.087395795125282,109.92136828518505,0
2022-01-08 12:00:00,23.23003044373258,119.05063640560017,0
2022-01-08 13:00:00,18.125243532909906,99.85222780340155,0
2022-01-08 14:00:00,21.78190798583555,96.99521214414578,0
2022-01-08 15:00:00,13.882984238877867,96.44971268944626,0
2022-01-08 16:00:00,28.126157255135936,81.07638106682658,0
2022-01-08 17:00:00,16.989711721966263,98.22186856296987,0
2022-01-08 18:00:00,19.478083302857748,102.50998116008324,1
2022-01-08 19:00:00,25.26082539630487,110.54757925180283,0
2022-01-08 20:00:00,21.302185018043435,109.60047741149928,0
2022-01-08 21:00:00,32.71507297703368,95.83500917563308,0
2022-01-08 22:00:00,18.535715451382757,97.23177005226111,0
2022-01-08 23:00:00,26.335254346745913,111.23905305614439,0
2022-01-09 00:00:00,24.803585908862523,98.2653610292712,1
2022-01-09 01:00:00,19.159532511294014,94.89970460244383,0
2022-01-09 02:00:00,27.616383302658768,113.92518449434272,0
2022-01-09 03:00:00,24.14226834388876,110.37585667050634,0
2022-01-09 04:00:00,28.858952756068337,100.18791791774258,0
2022-01-09 05:00:00,29.117520769818658,94.06222552221332,0
2022-01-09 06:00:00,35.81617974640345,79.88119680755291,0
2022-01-09 07:00:00,31.68263974718196,105.89703605574724,0
2022-01-09 08:00:00,23.154090810287784,91.0363027744782,0
2022-01-09 09:00:00,23.80310411212037,80.37267990859249,0
2022-01-09 10:00:00,30.498297979435566,115.84820527349018,0
2022-01-09 11:00:00,28.27631865361299,106.47967791009889,0
2022-01-09 12:00:00,28.20065763048796,88.60991806883035,0
2022-01-09 13:00:00,16.915219778445827,87.8559861704074,0
2022-01-09 14:00:00,24.87836937800532,108.7096178217162,0
2022-01-09 15:00:00,21.309845453971555,91.2202938346413,0
2022-01-09 16:00:00,26.39962299521619,112.96149867527883,0
2022-01-09 17:00:00,24.50924805178521,106.16459312626155,0
2022-01-09 18:00:00,29.55089454046296,105.36596520566823,0
2022-01-09 19:00:00,26.58609107595651,104.046954556143,0
2022-01-09 20:00:00,28.93163981054488,101.91450872023911,0
2022-01-09 21:00:00,22.667904516320284,108.8051119917711,0
2022-01-09 22:00:00,20.277768720408748,95.45919637484394,0
2022-01-09 23:00:00,22.949751533987257,100.85951973434385,0
2022-01-10 00:00:00,24.914897930692796,107.51946587677196,0
2022-01-10 01:00:00,26.895758677775408,105.62989718586128,0
2022-01-10 02:00:00,36.296544753454256,88.05013194731339,0
2022-01-10 03:00:00,24.788714241696788,94.99590332695736,1
2022-01-10 04:00:00,20.220274997536116,102.52803505419155,0
2022-01-10 05:00:00,23.270091121503068,95.91985290960103,0
2022-01-10 06:00:00,22.68202012676953,117.74658560973333,0
2022-01-10 07:00:00,27.40740736886731,96.06846805245887,1
2022-01-10 08:00:00,17.296014927776877,98.37781552423309,0
2022-01-10 09:00:00,25.316309971001658,107.69430178177304,0
2022-01-10 10:00:00,25.782532689826876,103.30532743234916,0
2022-01-10 11:00:00,26.16090518100138,98.54725542795231,0
2022-01-10 12:00:00,22.013419655173188,92.43506471119252,0
2022-01-10 13:00:00,23.810391351319964,103.01514057396766,0
2022-01-10 14:00:00,17.879695455087344,110.39096440378393,0
2022-01-10 15:00:00,22.533400583189028,104.79095224098228,0
2022-01-10 16:00:00,22.28569261991641,92.21816478543877,0
2022-01-10 17:00:00,27.080250231307126,117.36774956976711,0
2022-01-10 18:00:00,19.219087840890438,85.53422109964106,1
2022-01-10 19:00:00,28.905990508549966,84.17314358197211,0
2022-01-10 20:00:00,32.47242272245684,109.60557224457229,0
2022-01-10 21:00:00,14.650074874932336,102.2584047860269,1
2022-01-10 22:00:00,27.131293653890506,94.50501453695959,0
2022-01-10 23:00:00,28.384540175151226,89.0142927244467,0
2022-01-11 00:00:00,21.812814872238853,123.20799839280298,0
2022-01-11 01:00:00,23.01364092835601,101.17090872155443,0
2022-01-11 02:00:00,24.335597112065223,105.34201170845772,0
2022-01-11 03:00:00,23.51104560299136,103.17885097238181,0
2022-01-11 04:00:00,23.45493515476439,104.34807957731158,0
2022-01-11 05:00:00,16.619980968350117,105.40094460524806,0
2022-01-11 06:00:00,30.7616578239156,107.32424009754877,0
2022-01-11 07:00:00,30.398092960184105,96.24777599239327,0
2022-01-11 08:00:00,20.933178703978985,97.08358013648156,0
2022-01-11 09:00:00,17.66787836098743,82.58977191641098,0
2022-01-11 10:00:00,27.60532438226379,92.1969559349846,0
2022-01-11 11:00:00,22.121060150934667,102.71112796446715,0
2022-01-11 12:00:00,25.7097658166039,110.4502337550269,0
2022-01-11 13:00:00,23.403357914274522,105.99039526376184,0
2022-01-11 14:00:00,28.45769375535093,96.5930765612207,0
2022-01-11 15:00:00,28.47374571828003,87.36827087914845,0
2022-01-11 16:00:00,21.37201310768208,72.22640854572566,0
2022-01-11 17:00:00,18.083180223024723,111.517339747808,0
2022-01-11 18:00:00,17.085308013324592,94.1077101348985,0
2022-01-11 19:00:00,28.051896895536025,95.51534993795941,0
2022-01-11 20:00:00,19.055703711079857,101.31573967908069,0
2022-01-11 21:00:00,22.465918228506563,85.9443995260811,1
2022-01-11 22:00:00,22.01842980774746,96.50217819888464,0
2022-01-11 23:00:00,24.73716351865227,120.23471949769974,0
2022-01-12 00:00:00,15.318600970767465,105.05386938577342,1
2022-01-12 01:00:00,25.943892983969143,103.59249156513457,1
2022-01-12 02:00:00,27.61945511917103,84.17505522018241,0
2022-01-12 03:00:00,25.442110435223306,122.4360189458264,0
2022-01-12 04:00:00,23.44556914150764,85.77205091373658,0
2022-01-12 05:00:00,25.487000831343916,119.22324755444399,0
2022-01-12 06:00:00,26.99523172820065,78.84943984812193,0
2022-01-12 07:00:00,11.137036217866749,114.05365438724421,0
2022-01-12 08:00:00,34.77956154125347,116.18054269000226,0
2022-01-12 09:00:00,26.950466613439634,91.75590878672165,1
2022-01-12 10:00:00,21.7379570880649,104.22580372272883,0
2022-01-12 11:00:00,23.045233124061994,105.47480572104665,0
2022-01-12 12:00:00,27.468708886745944,91.86205516768695,0
2022-01-12 13:00:00,24.419480304828166,85.5088238926307,0
2022-01-12 14:00:00,14.846577661092528,86.82282656859235,0
2022-01-12 15:00:00,35.3224643067966,105.41008219959808,0
2022-01-12 16:00:00,24.447296713837638,99.14884397480594,0
2022-01-12 17:00:00,30.100863558579,94.3569896669784,0
2022-01-12 18:00:00,21.539750761078043,109.6676801116646,0
2022-01-12 19:00:00,32.68188527122899,105.08067909391478,0
2022-01-12 20:00:00,26.4317184444614,92.44537273634367,0
2022-01-12 21:00:00,28.044219172377254,87.9879848098261,0
2022-01-12 22:00:00,19.773733169265228,105.23261738688078,0
2022-01-12 23:00:00,31.055726448413505,94.62416631441938,0
2022-01-13 00:00:00,28.44909082267394,100.99204862531502,0
2022-01-13 01:00:00,31.50923114782499,115.76298972627717,0
2022-01-13 02:00:00,21.859562201792105,105.0232824007478,1
2022-01-13 03:00:00,22.59486440769606,91.37733000246763,0
2022-01-13 04:00:00,36.51958348841971,101.60661189819773,0
2022-01-13 05:00:00,19.699920886392263,90.47355047184612,0
2022-01-13 06:00:00,24.320251496608396,116.08522155948724,0
2022-01-13 07:00:00,30.684456813013476,94.38421250396779,0
2022-01-13 08:00:00,25.488624838574278,102.07270746973619,0
2022-01-13 09:00:00,27.91476839876647,103.07732574679432,0
2022-01-13 10:00:00,23.002754853685623,101.59250468373702,0
2022-01-13 11:00:00,26.850279439237593,80.41451044863462,0
2022-01-13 12:00:00,18.467365741323416,85.53578936016672,0
2022-01-13 13:00:00,33.29065339809094,95.47649724430909,0
2022-01-13 14:00:00,24.409179774357153,103.19431833331531,0
2022-01-13 15:00:00,21.59910898001575,98.6222078571423,0
2022-01-13 16:00:00,28.33191541015957,90.42852526848984,0
2022-01-13 17:00:00,22.696401063057234,86.515756808783,0
2022-01-13 18:00:00,18.32870764298623,95.98442455500657,0
2022-01-13 19:00:00,18.266412471012224,95.31523955320277,0
2022-01-13 20:00:00,28.468865763450662,105.12836457592756,1
2022-01-13 21:00:00,24.202132809268665,96.73681537841682,0
2022-01-13 22:00:00,24.331492201657802,106.0270765642933,0
2022-01-13 23:00:00,30.388719029881315,94.05350230279595,0
2022-01-14 00:00:00,19.365870956216284,97.44042330785732,0
2022-01-14 01:00:00,21.346611235675876,96.51953620357381,1
2022-01-14 02:00:00,23.075600954093623,92.1763303309791,0
2022-01-14 03:00:00,25.47175794658537,106.2511865643373,0
2022-01-14 04:00:00,24.789142743547107,91.86404002905493,0
2022-01-14 05:00:00,23.56556403805046,94.78358490029382,0
2022-01-14 06:00:00,24.691867989521764,99.26880354051802,0
2022-01-14 07:00:00,24.46347361854413,87.0262034404326,1
2022-01-14 08:00:00,21.401978057241035,96.75065041679501,1
2022-01-14 09:00:00,20.935035057229612,92.88693640257212,0
2022-01-14 10:00:00,26.372581788619698,96.1184580751775,0
2022-01-14 11:00:00,20.54542458502236,99.4007199732891,0
2022-01-14 12:00:00,19.21322370404573,92.00086376859335,0
2022-01-14 13:00:00,23.438538744371535,97.79924220179645,0
2022-01-14 14:00:00,24.21166491918092,113.08668752352179,0
2022-01-14 15:00:00,36.283617486491046,99.74201441745512,0
2022-01-14 16:00:00,21.476498620718832,111.45262173019225,0
2022-01-14 17:00:00,29.716303624847473,103.46494442006761,1
2022-01-14 18:00:00,28.73594167102316,107.74160609818816,0
2022-01-14 19:00:00,19.05527522398132,92.25541031229174,0
2022-01-14 20:00:00,28.866264887013,101.04907165085513,1
2022-01-14 21:00:00,19.08059679903341,101.33912922615475,0
2022-01-14 22:00:00,11.704138810016296,93.87374261125065,0
2022-01-14 23:00:00,28.031597621796905,91.77171675705718,0
2022-01-15 00:00:00,16.220547082811404,85.09734612092701,0
2022-01-15 01:00:00,27.254672309029573,114.96139636951632,0
2022-01-15 02:00:00,21.579945511313916,90.27597110647503,0
2022-01-15 03:00:00,33.29775398094936,113.462210732223,1
2022-01-15 04:00:00,30.342546996580047,95.32506826342147,0
2022-01-15 05:00:00,22.73307098074306,91.37506700275266,0
2022-01-15 06:00:00,21.56081194485659,106.22519140304998,0
2022-01-15 07:00:00,18.9296129845294,93.68808058253143,1
2022-01-15 08:00:00,22.79538683853704,105.68458918924277,0
2022-01-15 09:00:00,23.598222524077453,96.6718823514779,0
2022-01-15 10:00:00,23.176532278041574,104.80424496117787,0
2022-01-15 11:00:00,25.78351927636182,90.31813936092895,0
2022-01-15 12:00:00,27.89260748864439,108.31351057984769,0
2022-01-15 13:00:00,26.74827228496587,104.87972682663005,0
2022-01-15 14:00:00,21.179280380467784,90.80349309937338,0
2022-01-15 15:00:00,17.81104263099211,126.42935721014742,0
2022-01-15 16:00:00,31.82265924051236,105.40123026400494,0
2022-01-15 17:00:00,21.552754077250313,122.90467070530539,0
2022-01-15 18:00:00,21.738532000324906,116.00267818748759,0
2022-01-15 19:00:00,22.394053438494446,98.11165219782217,0
2022-01-15 20:00:00,15.784652249216757,95.87728245395456,0
2022-01-15 21:00:00,22.610129979797566,95.96540816579198,0
2022-01-15 22:00:00,22.601720929960262,81.6997144957219,0
2022-01-15 23:00:00,28.101791491717563,93.04164880650453,0
2022-01-16 00:00:00,28.49228574553668,102.4676602397997,0
2022-01-16 01:00:00,25.018854445431348,115.25957560884808,0
2022-01-16 02:00:00,29.65924187057152,92.27228117021798,0
2022-01-16 03:00:00,26.69982491900631,108.82056599363011,0
2022-01-16 04:00:00,24.921589441987226,87.4740665849668,0
2022-01-16 05:00:00,25.804640841491114,94.13679974788867,0
2022-01-16 06:00:00,24.046732532093003,95.42359405710474,0
2022-01-16 07:00:00,23.02575242983275,103.71811081497493,0
2022-01-16 08:00:00,23.661332315530167,104.57309646720812,0
2022-01-16 09:00:00,19.359943342649967,109.62341744814346,0
2022-01-16 10:00:00,26.40220852658148,107.70836960404937,1
2022-01-16 11:00:00,20.034381945352095,102.43168215402491,1
2022-01-16 12:00:00,29.208156320368182,103.90364943508622,1
2022-01-16 13:00:00,23.752707099195256,115.88530691097533,0
2022-01-16 14:00:00,25.247474908250453,94.89073818767737,0
2022-01-16 15:00:00,27.46918388140478,107.74728319067162,0
2022-01-16 16:00:00,28.21657232531464,81.91856073501748,0
2022-01-16 17:00:00,17.146882956832737,104.11334242897608,0
2022-01-16 18:00:00,23.965481619180142,95.16750457520892,0
2022-01-16 19:00:00,29.400894560403913,100.0257118243151,0
2022-01-16 20:00:00,16.50947090283873,110.40086245053703,0
2022-01-16 21:00:00,26.936402376975316,101.64643809526397,0
2022-01-16 22:00:00,13.722178852989053,108.85187541208927,0
2022-01-16 23:00:00,19.88746578182198,114.73764815138405,1
2022-01-17 00:00:00,25.19315275920094,103.8909396886572,0
2022-01-17 01:00:00,16.71642448839023,111.71041064620488,1
2022-01-17 02:00:00,20.07244631157925,96.73439022320792,0
2022-01-17 03:00:00,17.640824962682068,99.91790117730386,0
2022-01-17 04:00:00,33.2406746610378,94.77380583601521,0
2022-01-17 05:00:00,25.82113877743667,110.42977594646376,1
2022-01-17 06:00:00,27.836451389263345,104.14091353793594,0
2022-01-17 07:00:00,23.88662449742423,94.92765538105077,0
2022-01-17 08:00:00,23.232841256214005,101.54668833646332,0
2022-01-17 09:00:00,16.917629056744836,110.41568388818581,0
2022-01-17 10:00:00,23.540813186260685,99.60732008962047,0
2022-01-17 11:00:00,21.192538940941883,90.51067189150237,1
2022-01-17 12:00:00,29.289619621461682,101.31911755787412,0
2022-01-17 13:00:00,30.705509333287868,80.1943440893106,0
2022-01-17 14:00:00,32.33289357787089,107.68770644399476,0
2022-01-17 15:00:00,29.26275969730616,95.7867241267532,0
2022-01-17 16:00:00,22.00673031538507,95.30689263720893,0
2022-01-17 17:00:00,19.42051507019803,108.75695678779506,0
2022-01-17 18:00:00,28.83331590822543,86.34837122774832,0
2022-01-17 19:00:00,26.781464087361446,119.47098642820357,0
2022-01-17 20:00:00,16.157307746614848,95.19757958261776,0
2022-01-17 21:00:00,26.777408963718845,94.76749056615105,0
2022-01-17 22:00:00,29.07259911243933,110.21224743167163,0
2022-01-17 23:00:00,25.29462794590815,107.08695273110426,0
2022-01-18 00:00:00,24.074731644953292,124.51229719075076,0
2022-01-18 01:00:00,20.961757561918223,97.8879401636848,0
2022-01-18 02:00:00,17.76732650218306,98.7959336133559,0
2022-01-18 03:00:00,29.001489746700138,85.20684020036747,0
2022-01-18 04:00:00,23.454427776141458,96.67897722651175,0
2022-01-18 05:00:00,23.832666692281535,92.78568704428244,0
2022-01-18 06:00:00,33.663605934595665,95.512329868945,0
2022-01-18 07:00:00,28.42250553429595,82.55812243446044,0
2022-01-18 08:00:00,26.85412500640551,116.60607559894514,1
2022-01-18 09:00:00,25.71030902593618,85.8339651757436,0
2022-01-18 10:00:00,32.599974303828866,71.97797201608287,0
2022-01-18 11:00:00,33.59794653708097,88.1157557841698,0
2022-01-18 12:00:00,29.647525557397643,93.96160447203849,0
2022-01-18 13:00:00,27.911122956989622,88.50445936742882,0
2022-01-18 14:00:00,14.526984643969277,110.98303540732512,0
2022-01-18 15:00:00,25.618609571167532,98.62160821403906,0
2022-01-18 16:00:00,24.34946522903148,100.25385604406459,0
2022-01-18 17:00:00,25.469766146927842,106.10391764305413,0
2022-01-18 18:00:00,29.71523043661259,102.86012526978118,0
2022-01-18 19:00:00,11.301614164052218,109.78567297446043,0
2022-01-18 20:00:00,22.153439732649076,88.90522446363855,0
2022-01-18 21:00:00,26.349521774703806,94.52481899320568,0
2022-01-18 22:00:00,22.665772269736188,106.65967146069538,1
2022-01-18 23:00:00,17.915469434368703,74.6544553791577,0
2022-01-19 00:00:00,29.34481743448398,86.24815520682759,0
2022-01-19 01:00:00,26.38435952923064,105.00992232179946,0
2022-01-19 02:00:00,20.14447714777758,95.19750965005075,0
2022-01-19 03:00:00,26.57408602257912,109.36107550109698,0
2022-01-19 04:00:00,29.10792856024898,108.09180296853162,0
2022-01-19 05:00:00,25.026463231496805,88.01907119808962,0
2022-01-19 06:00:00,29.002824017154985,104.06657087466881,0
2022-01-19 07:00:00,25.391300875808305,112.01697855667507,1
2022-01-19 08:00:00,23.02385508672823,101.47434401650972,0
2022-01-19 09:00:00,19.202897418000436,90.22535122754131,0
2022-01-19 10:00:00,24.570346165141935,108.7938994191337,0
2022-01-19 11:00:00,25.97146469022886,106.35424526553996,0
2022-01-19 12:00:00,29.379163807936656,105.42610783498796,0
2022-01-19 13:00:00,24.424462657563865,107.15938893436991,0
2022-01-19 14:00:00,27.287078031104954,70.05387139772381,0
2022-01-19 15:00:00,20.176939931331358,108.80937561080971,0
2022-01-19 16:00:00,21.086854220862374,118.08131810578976,0
2022-01-19 17:00:00,24.448053504865563,104.36638474629294,0
2022-01-19 18:00:00,19.72685768007493,101.92728996499727,0
2022-01-19 19:00:00,29.101239186623406,106.9643867339144,0
2022-01-19 20:00:00,27.315651646593036,103.38225473685115,0
2022-01-19 21:00:00,26.395478821962268,106.51781261700616,1
2022-01-19 22:00:00,26.694520626079722,100.01471000245411,0
2022-01-19 23:00:00,35.10521780742398,92.332951454631,0
2022-01-20 00:00:00,22.655679060166023,89.95677287785387,0
2022-01-20 01:00:00,13.992793572497211,90.01808271768135,0
2022-01-20 02:00:00,25.996500984482324,86.26957449049105,0
2022-01-20 03:00:00,24.74698229519167,89.32257988980894,0
2022-01-20 04:00:00,22.412404787447983,117.61266127419863,0
2022-01-20 05:00:00,20.10585070320615,107.54095663656243,0
2022-01-20 06:00:00,22.80405239098926,93.74972609315328,0
2022-01-20 07:00:00,25.906692146089107,96.09607306014492,0
2022-01-20 08:00:00,22.485916496787308,101.12557530906454,1
2022-01-20 09:00:00,37.06226839771874,93.44454970515642,0
2022-01-20 10:00:00,20.19747809183426,100.67516857174324,0
2022-01-20 11:00:00,21.03441318646164,107.77604137902912,0
2022-01-20 12:00:00,13.556899799927358,99.64257266451827,0
2022-01-20 13:00:00,26.257422075107684,103.36015742661992,0
2022-01-20 14:00:00,14.917966861001199,108.86491539359616,0
2022-01-20 15:00:00,22.302726833127494,97.27868243981791,0
2022-01-20 16:00:00,23.621647327197216,102.84790599134364,0
2022-01-20 17:00:00,21.451360170765557,96.90622407116639,0
2022-01-20 18:00:00,33.69436338727255,99.71471130165584,0
2022-01-20 19:00:00,29.971971956577494,96.7526973491704,0
2022-01-20 20:00:00,31.59568438150788,94.71130146443885,0
2022-01-20 21:00:00,20.58790590725041,101.73711852987023,0
2022-01-20 22:00:00,30.642970322572843,105.66545315818212,0
2022-01-20 23:00:00,27.48000473171981,101.46304446001044,0
2022-01-21 00:00:00,28.857029743384228,104.98726958311931,0
2022-01-21 01:00:00,30.147194143913836,92.6206821975877,1
2022-01-21 02:00:00,20.456183770204735,87.9626480780022,0
2022-01-21 03:00:00,22.878411895110492,104.17043502967604,0
2022-01-21 04:00:00,29.312980056642257,106.87881391174754,0
2022-01-21 05:00:00,11.721904535125336,100.49857266599822,0
2022-01-21 06:00:00,32.56664041286602,113.48035780424719,0
2022-01-21 07:00:00,27.76566032103792,109.076987979879,0
2022-01-21 08:00:00,24.771480196698825,126.80570840769,0
2022-01-21 09:00:00,26.102538278785865,97.99191486004335,0
2022-01-21 10:00:00,19.85032358345512,90.01151203904632,0
2022-01-21 11:00:00,23.250283177054477,92.59863209260486,0
2022-01-21 12:00:00,30.501421691101868,94.34502193625343,0
2022-01-21 13:00:00,31.490109861631105,104.76031383438115,0
2022-01-21 14:00:00,38.481120262817896,78.41931436038743,0
2022-01-21 15:00:00,24.630376668597926,113.18551018090837,0
2022-01-21 16:00:00,21.707235165974982,97.60703408857655,0
2022-01-21 17:00:00,22.428830170300056,97.53206442211248,0
2022-01-21 18:00:00,19.909790623563175,89.20656833975005,0
2022-01-21 19:00:00,24.610726220295746,98.8577444854982,0
2022-01-21 20:00:00,26.91366215006134,100.13239767667534,0
2022-01-21 21:00:00,24.828788597340232,98.78055072399722,0
2022-01-21 22:00:00,30.481734228328992,103.3905925594243,0
2022-01-21 23:00:00,23.82892099327732,94.1036795804897,0
2022-01-22 00:00:00,23.262746737507182,91.04184239589173,0
2022-01-22 01:00:00,22.093657615698373,105.4832813049798,0
2022-01-22 02:00:00,16.836827368827525,100.98667453815796,0
2022-01-22 03:00:00,17.16116137845773,101.97181055197368,0
2022-01-22 04:00:00,19.104210346811563,110.59027254441966,0
2022-01-22 05:00:00,31.507140358323802,89.77435608739314,0
2022-01-22 06:00:00,29.47630136444965,91.44759542749136,0
2022-01-22 07:00:00,31.874820331964948,112.57219650828995,0
2022-01-22 08:00:00,18.33894172702749,85.17116642425958,0
2022-01-22 09:00:00,15.1568765510699,86.90587853668985,0
2022-01-22 10:00:00,21.699718399329587,108.17861831184996,0
2022-01-22 11:00:00,25.87909476648014,102.38200192022039,0
2022-01-22 12:00:00,27.49345137454914,101.05232137059276,0
2022-01-22 13:00:00,30.239860779840264,99.08340591899616,0
2022-01-22 14:00:00,26.42139835403607,100.31267547027569,0
2022-01-22 15:00:00,33.71334390327816,99.07887885308044,0
2022-01-22 16:00:00,23.886971595258398,113.55442702594418,0
2022-01-22 17:00:00,20.43460390979102,96.01851871249924,0
2022-01-22 18:00:00,16.59390892252783,98.38626463722221,0
2022-01-22 19:00:00,20.55514320952275,117.94448805225073,0
2022-01-22 20:00:00,26.210589804925615,100.27509702029836,0
2022-01-22 21:00:00,20.556398713231847,122.32016389525178,1
2022-01-22 22:00:00,29.683712317676285,98.95020298981046,1
2022-01-22 23:00:00,32.06163853018722,113.67414982460159,1
2022-01-23 00:00:00,13.152065473866985,83.44655961690322,0
2022-01-23 01:00:00,29.32026150248824,101.53644460815666,0
2022-01-23 02:00:00,13.801979706691316,84.15526436849065,0
2022-01-23 03:00:00,27.007495275451436,108.44454306604587,0
2022-01-23 04:00:00,31.124352820968298,87.87132183790975,0
2022-01-23 05:00:00,25.324280531717882,102.83769554383346,1
2022-01-23 06:00:00,18.6015541339788,97.17804123309566,0
2022-01-23 07:00:00,22.072843978611136,88.41796814815972,0
2022-01-23 08:00:00,23.691772771445496,83.80640017102458,0
2022-01-23 09:00:00,24.088776081050284,94.8895953641989,0
2022-01-23 10:00:00,23.985515796166666,117.40629445895331,0
2022-01-23 11:00:00,24.450586103453432,97.06514945110622,0
2022-01-23 12:00:00,26.067400244550843,109.17221542115855,0
2022-01-23 13:00:00,18.957131731333895,99.42957132337811,0
2022-01-23 14:00:00,23.789900850648902,108.76726773690453,0
2022-01-23 15:00:00,32.59130585177853,81.73088621695481,0
2022-01-23 16:00:00,23.07677288428741,95.96811693150467,0
2022-01-23 17:00:00,22.780819534224012,109.49405523793219,0
2022-01-23 18:00:00,30.39098651857119,98.36745051166821,0
2022-01-23 19:00:00,12.204076668279518,99.13544717288953,0
2022-01-23 20:00:00,30.90689300644143,95.69538088114207,1
2022-01-23 21:00:00,21.840481209974165,111.49379383367125,0
2022-01-23 22:00:00,25.819642862262935,102.97514353954946,0
2022-01-23 23:00:00,25.481606779605983,100.44022276175347,0
2022-01-24 00:00:00,29.712340596101967,106.43054545339292,0
2022-01-24 01:00:00,23.66202626882326,105.88224929117936,0
2022-01-24 02:00:00,21.609871092177748,102.12587046437537,0
2022-01-24 03:00:00,31.489228953255495,115.47031496990844,0
2022-01-24 04:00:00,13.179130914294099,99.3971246636088,0
2022-01-24 05:00:00,25.101670908526216,102.78081047967945,0
2022-01-24 06:00:00,18.260372886854398,93.5704744664711,0
2022-01-24 07:00:00,21.192133058717204,101.5011522700613,1
2022-01-24 08:00:00,35.05628340731569,115.87761523745368,0
2022-01-24 09:00:00,24.777022867720714,93.56742398211262,0
2022-01-24 10:00:00,25.975348485756907,88.66407174361541,1
2022-01-24 11:00:00,16.092185721472042,109.96759642819816,0
2022-01-24 12:00:00,21.35477670602652,98.5123384776632,1
2022-01-24 13:00:00,25.982787003643924,100.9600420496977,0
2022-01-24 14:00:00,26.773788465566092,99.54886696306666,0
2022-01-24 15:00:00,28.084432771966394,100.79121723929535,1
2022-01-24 16:00:00,25.04313949458788,108.50530683523438,0
2022-01-24 17:00:00,27.635021042273298,91.60875809400727,0
2022-01-24 18:00:00,27.26890956317842,89.88225915894512,0
2022-01-24 19:00:00,15.851297944977343,100.84968137037707,0
2022-01-24 20:00:00,25.18502860955075,83.93560310550167,0
2022-01-24 21:00:00,28.839512038663518,86.26946463958072,0
2022-01-24 22:00:00,27.949399103672597,118.66683148331627,0
2022-01-24 23:00:00,23.18070595014605,107.57468330061404,0
2022-01-25 00:00:00,20.97186746230316,99.89943528130985,0
2022-01-25 01:00:00,19.408440378391838,112.3800693595844,0
2022-01-25 02:00:00,24.34472994229294,89.59400769914855,0
2022-01-25 03:00:00,30.66539939779861,96.84396876614142,0
2022-01-25 04:00:00,15.24097949259199,106.23453609424382,0
2022-01-25 05:00:00,21.70054135135251,108.90671681431395,0
2022-01-25 06:00:00,19.30098772286613,105.12916846827777,1
2022-01-25 07:00:00,28.9247876062025,74.58761192311775,0
2022-01-25 08:00:00,22.228451867143495,90.31917882335422,0
2022-01-25 09:00:00,22.646811709226043,104.77068092356865,0
2022-01-25 10:00:00,23.915252150316753,96.44048506953193,1
2022-01-25 11:00:00,27.226966254473986,125.40231620759172,0
2022-01-25 12:00:00,23.038055009251817,109.26558300967096,0
2022-01-25 13:00:00,9.769284726000366,105.58081880618666,0
2022-01-25 14:00:00,27.7165594569376,88.83050446253276,0
2022-01-25 15:00:00,27.19521478836021,99.64703260397084,0
2022-01-25 16:00:00,23.902294858343932,102.41203964218953,0
2022-01-25 17:00:00,19.579816896640327,111.27783630127803,0
2022-01-25 18:00:00,26.758900553406793,108.81131097099632,0
2022-01-25 19:00:00,26.896177667677932,110.32989194519945,0
2022-01-25 20:00:00,22.649835586495627,90.76087984189998,0
2022-01-25 21:00:00,23.916342647122306,114.12151698298631,0
2022-01-25 22:00:00,20.349217487378393,86.1956924769273,0
2022-01-25 23:00:00,24.107054539563354,94.64085438333838,0
2022-01-26 00:00:00,17.247853274582596,104.30771134945641,0
2022-01-26 01:00:00,27.08659410515918,98.50108408266861,0
2022-01-26 02:00:00,20.278157545878532,89.93963142079609,0
2022-01-26 03:00:00,26.19051573916156,91.78450174396868,0
2022-01-26 04:00:00,17.970185418660503,84.51745677150957,0
2022-01-26 05:00:00,22.0497117706523,105.31974639007191,0
2022-01-26 06:00:00,24.447552974670362,112.6056884504215,1
2022-01-26 07:00:00,16.696500940653685,98.99606496598633,0
2022-01-26 08:00:00,25.57573936570046,95.99651184986577,0
2022-01-26 09:00:00,23.104262185600387,85.2767707153351,0
2022-01-26 10:00:00,16.288219010953846,109.13201924252178,0
2022-01-26 11:00:00,18.483786229438422,122.11304333239494,0
2022-01-26 12:00:00,28.025600420410832,82.02544195633102,0
2022-01-26 13:00:00,29.47777992775662,89.36567061845393,0
2022-01-26 14:00:00,24.340456801100164,93.20406957455856,0
2022-01-26 15:00:00,27.02380906020249,94.3568209031751,0
2022-01-26 16:00:00,26.119217816564554,102.27345950143481,0
2022-01-26 17:00:00,26.64811491063869,116.14249547280227,0
2022-01-26 18:00:00,31.429920035401466,110.08597286860103,0
2022-01-26 19:00:00,17.465008008928642,105.27597382774316,0
2022-01-26 20:00:00,28.382303661808116,92.76071295941398,0
2022-01-26 21:00:00,23.0899552221109,88.80371766319546,0
2022-01-26 22:00:00,23.8787053287418,92.03224693693699,0
2022-01-26 23:00:00,23.48875134772465,115.48066801378738,0
2022-01-27 00:00:00,23.12426441669358,99.382566985421,0
2022-01-27 01:00:00,18.869019041084904,95.53163746337378,0
2022-01-27 02:00:00,25.916695996288006,98.16244269750008,0
2022-01-27 03:00:00,33.354715163944284,108.24618219638468,1
2022-01-27 04:00:00,24.719334897756216,86.87150325450209,1
2022-01-27 05:00:00,24.99307478632452,114.14874135922423,0
2022-01-27 06:00:00,21.56350481421668,101.56476256946299,0
2022-01-27 07:00:00,24.412627267909443,97.83656021704275,1
2022-01-27 08:00:00,27.330832130170155,104.4284611374674,0
2022-01-27 09:00:00,23.148787796478285,102.18397073129937,0
2022-01-27 10:00:00,22.730979794739994,96.55803543532619,0
2022-01-27 11:00:00,27.016322700816232,97.47289327958393,0
2022-01-27 12:00:00,20.40997615090477,91.31137453134048,0
2022-01-27 13:00:00,26.26248313538436,106.56390750859302,0
2022-01-27 14:00:00,29.10160898630711,94.68006190588838,0
2022-01-27 15:00:00,31.79974270839742,90.43741577567717,0
2022-01-27 16:00:00,24.548089963615265,101.65863522653537,0
2022-01-27 17:00:00,31.837986199033566,113.29141282745553,0
2022-01-27 18:00:00,30.17204943240759,99.51655376220181,0
2022-01-27 19:00:00,20.01893679814467,93.9189874304831,0
2022-01-27 20:00:00,18.910307442034245,104.03896020835974,0
2022-01-27 21:00:00,23.475181810727896,119.36712462402552,0
2022-01-27 22:00:00,30.144677462974272,85.48094470568253,0
2022-01-27 23:00:00,24.638564962199975,103.82202787785293,0
2022-01-28 00:00:00,21.996712211711056,102.05086625231854,0
2022-01-28 01:00:00,32.7612159002428,111.61533803559118,0
2022-01-28 02:00:00,26.434522440016732,109.90909173684845,0
2022-01-28 03:00:00,13.397028621046292,98.13290888190221,0
2022-01-28 04:00:00,26.585803131463443,83.15482744575117,0
2022-01-28 05:00:00,27.600203072854338,108.06563767896259,0
2022-01-28 06:00:00,26.12804327235552,91.64807309808516,0
2022-01-28 07:00:00,27.248560501159965,90.5325958904281,0
2022-01-28 08:00:00,24.663621955385093,111.48350580691127,0
2022-01-28 09:00:00,18.40802065177633,90.89149622361347,0
2022-01-28 10:00:00,23.146479983897734,114.02844740100244,0
2022-01-28 11:00:00,20.271921022218542,103.35844721405313,0
2022-01-28 12:00:00,20.33629544602811,103.19118400086282,0
2022-01-28 13:00:00,18.684658254488625,103.07264780505591,0
2022-01-28 14:00:00,27.262445463198233,83.61576374258208,0
2022-01-28 15:00:00,25.489480727063135,82.23611383653424,0
2022-01-28 16:00:00,22.75917318659646,102.15553053788685,0
2022-01-28 17:00:00,21.75331036134806,105.6800735922642,0
2022-01-28 18:00:00,24.88288447489274,100.82611032156201,0
2022-01-28 19:00:00,30.395973640562445,91.78465482980472,0
2022-01-28 20:00:00,14.978921422505424,100.18922103882194,0
2022-01-28 21:00:00,26.884382604254462,99.17965846854516,0
2022-01-28 22:00:00,22.27144012991109,90.4284190172459,0
2022-01-28 23:00:00,15.577070775102762,110.13972154112162,0
2022-01-29 00:00:00,15.271484584180206,82.69723938449914,0
2022-01-29 01:00:00,20.436082529323542,105.88742406807506,0
2022-01-29 02:00:00,26.097547778965225,103.84323405211245,0
2022-01-29 03:00:00,26.965314669900458,110.09711854811714,0
2022-01-29 04:00:00,20.305092136611073,89.94688127651142,0
2022-01-29 05:00:00,30.08510495706622,101.01407146668211,1
2022-01-29 06:00:00,32.11491748258053,121.71164949318165,0
2022-01-29 07:00:00,26.9804329247828,106.62074288999706,0
2022-01-29 08:00:00,22.042986660959446,101.00581208728963,0
2022-01-29 09:00:00,30.622095922551843,105.39161274114197,1
2022-01-29 10:00:00,28.776978478316693,100.8617684238012,0
2022-01-29 11:00:00,29.33703705677459,121.9089801323984,0
2022-01-29 12:00:00,21.717681625142344,109.8363619578918,0
2022-01-29 13:00:00,10.827227473626488,99.14385045769502,0
2022-01-29 14:00:00,35.583955107418376,102.52331431384522,0
2022-01-29 15:00:00,16.94560798275033,96.09202003918986,0
2022-01-29 16:00:00,24.821159640698895,112.09850126410305,0
2022-01-29 17:00:00,36.90372675609875,85.93895228608989,1
2022-01-29 18:00:00,26.65288378137187,83.95261470139013,0
2022-01-29 19:00:00,29.74623236779118,114.58714749675994,1
2022-01-29 20:00:00,17.488017153091437,121.53119792570583,0
2022-01-29 21:00:00,16.111665226331468,104.68304907689591,0
2022-01-29 22:00:00,22.336486040102226,101.12737941235737,0
2022-01-29 23:00:00,30.4537486721725,106.57267690304778,0
2022-01-30 00:00:00,23.26875276176345,93.5294647361724,0
2022-01-30 01:00:00,21.026818394642508,101.71243545152213,0
2022-01-30 02:00:00,25.989836449724837,100.38908705856215,0
2022-01-30 03:00:00,30.409676092386327,106.2656425074536,0
2022-01-30 04:00:00,17.77529900463314,84.42001471816604,0
2022-01-30 05:00:00,18.94728502938324,94.92965230234662,1
2022-01-30 06:00:00,21.05665372745317,108.44995603000837,0
2022-01-30 07:00:00,30.473191873560456,93.24406172369937,0
2022-01-30 08:00:00,26.17410762974366,90.06638624576864,0
2022-01-30 09:00:00,35.66076705285222,120.42072149826954,0
2022-01-30 10:00:00,29.68222862915558,100.38118000179401,0
2022-01-30 11:00:00,24.82452411565165,94.21081860056792,0
2022-01-30 12:00:00,31.32538919044383,83.07629562525892,0
2022-01-30 13:00:00,26.05748506365939,107.29346346280425,0
2022-01-30 14:00:00,21.475393237462775,106.99136153718693,0
2022-01-30 15:00:00,28.399874221225513,97.01240399430064,0
2022-01-30 16:00:00,21.518366730694588,88.9776980909291,0
2022-01-30 17:00:00,23.548014495980667,99.7545057635762,0
2022-01-30 18:00:00,31.638913479789913,91.64143932518378,0
2022-01-30 19:00:00,24.493592568913,90.57906411126885,0
2022-01-30 20:00:00,20.984293063291858,98.96787248538293,1
2022-01-30 21:00:00,22.67831154282254,89.48609601339936,0
2022-01-30 22:00:00,30.108952927943363,102.46648955252446,0
2022-01-30 23:00:00,22.237296632916355,106.07992509406397,0
2022-01-31 00:00:00,23.065645765746766,91.60367552826808,0
2022-01-31 01:00:00,22.448536301831858,86.3175490466161,0
2022-01-31 02:00:00,25.91962747170155,115.61279598955807,0
2022-01-31 03:00:00,23.072551198121957,90.59729764042795,1
2022-01-31 04:00:00,16.990819755137316,93.40057294897662,0
2022-01-31 05:00:00,20.564095290774798,102.13017167429888,1
2022-01-31 06:00:00,20.33605479246781,105.99369372522297,0
2022-01-31 07:00:00,31.216596922275777,97.43683106310357,0
2022-01-31 08:00:00,29.063370210545212,104.60794327701255,0
2022-01-31 09:00:00,27.93629689699913,95.990138421036,0
2022-01-31 10:00:00,22.473208413677952,90.2882933517561,0
2022-01-31 11:00:00,20.921042290030144,114.26316860787027,0
2022-01-31 12:00:00,22.462411991713214,124.88441614331128,0
2022-01-31 13:00:00,19.74059948724163,116.9596953301417,0
2022-01-31 14:00:00,37.48600195793504,101.41806639153454,0
2022-01-31 15:00:00,13.77339175814299,118.33435361815678,0
2022-01-31 16:00:00,27.820042675369045,103.55703515723984,0
2022-01-31 17:00:00,18.577238510037365,95.22713729596771,0
2022-01-31 18:00:00,24.478282542526536,104.66379574381979,0
2022-01-31 19:00:00,20.059990287531328,99.05607493588815,0
2022-01-31 20:00:00,19.111855187586848,90.16881816254292,0
2022-01-31 21:00:00,19.299018495325193,91.01678028567984,0
2022-01-31 22:00:00,33.77493076871029,108.02051738740516,0
2022-01-31 23:00:00,24.33505788845204,81.53468018335327,0
2022-02-01 00:00:00,21.171489027609567,106.04136740442684,0
2022-02-01 01:00:00,27.778934820414364,83.70416397251562,0
2022-02-01 02:00:00,25.051746572831497,78.78823555097564,0
2022-02-01 03:00:00,28.600168796708264,81.61153396241502,0
2022-02-01 04:00:00,15.87871672031085,119.66763971934739,0
2022-02-01 05:00:00,26.518019522310006,98.03766035056458,0
2022-02-01 06:00:00,28.863474185511908,100.8658318016542,0
2022-02-01 07:00:00,16.692008544427182,114.19255045910951,0
2022-02-01 08:00:00,27.240976422116564,109.34179748499724,0
2022-02-01 09:00:00,33.480907864140804,86.0849473059578,0
2022-02-01 10:00:00,24.925711483226486,108.69006342818761,0
2022-02-01 11:00:00,29.107029685124054,101.84181264703547,0
2022-02-01 12:00:00,28.35285225155455,96.5832190240412,0
2022-02-01 13:00:00,21.462471512447117,100.24290914137781,0
2022-02-01 14:00:00,25.198833672932476,112.79812020628022,0
2022-02-01 15:00:00,17.165026445691986,91.14033517959047,0
2022-02-01 16:00:00,22.74348481448737,104.00885679104121,0
2022-02-01 17:00:00,26.32843987483118,99.90342763467092,0
2022-02-01 18:00:00,28.61550246868899,82.02835384604381,0
2022-02-01 19:00:00,25.123060626239557,91.97746828269189,0
2022-02-01 20:00:00,28.59991865071583,101.93213553233697,0
2022-02-01 21:00:00,19.485468935223153,112.9734208909289,0
2022-02-01 22:00:00,24.491513627225643,110.01331017346729,0
2022-02-01 23:00:00,25.096396922565386,105.97212504403424,0
2022-02-02 00:00:00,34.247956233398185,91.84724338863542,0
2022-02-02 01:00:00,23.92916671899958,118.01213990808535,0
2022-02-02 02:00:00,22.504916810029087,102.15240467639612,0
2022-02-02 03:00:00,25.106756119217742,89.9363447832145,0
2022-02-02 04:00:00,20.40443277565028,98.17095019143049,0
2022-02-02 05:00:00,25.96376924532608,108.9624842535616,0
2022-02-02 06:00:00,23.17472391726871,100.07617498318159,0
2022-02-02 07:00:00,16.04336225979408,108.86864686582761,0
2022-02-02 08:00:00,24.707067244330695,111.0369395746215,0
2022-02-02 09:00:00,23.412284530349005,104.00530684598706,0
2022-02-02 10:00:00,16.837883489660083,91.42297376953105,0
2022-02-02 11:00:00,24.664329226927393,101.35454663189981,0
2022-02-02 12:00:00,32.446779810372405,100.4516585593883,0
2022-02-02 13:00:00,27.60651874137857,118.59346333851629,0
2022-02-02 14:00:00,28.05963596365579,83.7367806217317,0
2022-02-02 15:00:00,18.292516372084787,98.65177548905646,0
2022-02-02 16:00:00,27.384491844611112,94.1590645320508,0
2022-02-02 17:00:00,25.742247906900392,103.35105620195999,0
2022-02-02 18:00:00,27.645226191672158,75.62435640800643,0
2022-02-02 19:00:00,27.11314310854413,111.1492455949028,0
2022-02-02 20:00:00,18.201096372480933,100.13748487335533,1
2022-02-02 21:00:00,24.792995942210162,81.55298836371954,0
2022-02-02 22:00:00,21.21064569787417,96.38886865260133,0
2022-02-02 23:00:00,24.74957952857589,106.08962341654524,0
2022-02-03 00:00:00,20.51299536549085,84.08552124541968,0
2022-02-03 01:00:00,31.56235183570498,100.03222216443156,0
2022-02-03 02:00:00,20.70513805777829,89.4252635219847,0
2022-02-03 03:00:00,20.50528921767232,94.44014968121033,1
2022-02-03 04:00:00,25.372932032717767,100.26738382674637,0
2022-02-03 05:00:00,19.614504652980024,101.83450253581576,0
2022-02-03 06:00:00,22.87668348783567,95.29257501817273,0
2022-02-03 07:00:00,20.85017701231019,102.72796389530264,0
2022-02-03 08:00:00,32.05586031944806,108.17977607254805,0
2022-02-03 09:00:00,28.929019134155862,97.2108572489676,0
2022-02-03 10:00:00,24.712652407673026,114.31567757449291,0
2022-02-03 11:00:00,23.043914739129917,114.62214170780419,0
2022-02-03 12:00:00,29.704588072875566,95.71297934414171,0
2022-02-03 13:00:00,27.02602040161444,93.62159443526416,0
2022-02-03 14:00:00,27.49026202341428,83.35827014833826,0
2022-02-03 15:00:00,24.86903881327875,98.7343066836061,0
2022-02-03 16:00:00,16.55884986114284,96.36562219883949,0
2022-02-03 17:00:00,24.437670087202235,107.79051220132992,0
2022-02-03 18:00:00,22.337550403954662,84.90338393931701,0
2022-02-03 19:00:00,28.225276367299386,97.2260860825689,0
2022-02-03 20:00:00,30.059212164970944,109.68744393111146,0
2022-02-03 21:00:00,21.710244776194155,92.6964290444204,0
2022-02-03 22:00:00,27.341926171385257,92.37638463272391,0
2022-02-03 23:00:00,33.67939498842857,85.53059665244191,0
2022-02-04 00:00:00,21.661436397147206,126.20573846018239,0
2022-02-04 01:00:00,33.40960870036569,92.5252682193462,0
2022-02-04 02:00:00,20.737070764146765,86.9965316778166,0
2022-02-04 03:00:00,25.114798778039756,91.9614959596848,0
2022-02-04 04:00:00,24.944271940790795,92.25704919513196,0
2022-02-04 05:00:00,25.057494499350312,97.3061022154876,0
2022-02-04 06:00:00,20.811609790460274,108.25372232087514,0
2022-02-04 07:00:00,22.04408448117785,97.01676831004167,0
2022-02-04 08:00:00,21.661398568203005,90.77176685003172,0
2022-02-04 09:00:00,26.634812977022285,85.48661501808975,0
2022-02-04 10:00:00,26.650175572551557,100.21857358219872,1
2022-02-04 11:00:00,36.129721658691295,100.42539074029791,0
2022-02-04 12:00:00,31.854945031455607,115.30932351028825,0
2022-02-04 13:00:00,22.450783789307604,100.92447735469808,0
2022-02-04 14:00:00,26.62434807898093,99.00991688715922,0
2022-02-04 15:00:00,29.985589903958797,89.49346163412511,0
2022-02-04 16:00:00,25.153009121692588,96.94047424901608,0
2022-02-04 17:00:00,24.65179210776532,95.61525541965393,1
2022-02-04 18:00:00,25.257874713849446,96.29835835486297,0
2022-02-04 19:00:00,29.336383144042138,90.40744607359412,0
2022-02-04 20:00:00,20.758397385973836,105.38329603276176,0
2022-02-04 21:00:00,23.37165265589913,98.5755458249063,0
2022-02-04 22:00:00,27.35216572423241,97.99646519995012,0
2022-02-04 23:00:00,26.55723535777078,82.85953883951004,0
2022-02-05 00:00:00,26.197913799281956,104.93644087524864,0
2022-02-05 01:00:00,23.150994168480985,104.8701532598038,0
2022-02-05 02:00:00,29.862678945712684,91.60870597157786,0
2022-02-05 03:00:00,35.66934123602269,109.90121383879193,0
2022-02-05 04:00:00,27.032077468381033,86.35241769917567,0
2022-02-05 05:00:00,24.0341164922508,99.7813009121092,0
2022-02-05 06:00:00,28.778701444472713,97.28792660109836,0
2022-02-05 07:00:00,22.30433681623505,86.82825211194205,0
2022-02-05 08:00:00,21.251548276485515,101.89702612079996,0
2022-02-05 09:00:00,25.16404373806856,117.0257015224179,0
2022-02-05 10:00:00,12.086016835150277,100.67634230066919,0
2022-02-05 11:00:00,19.230248181739952,95.3697824589095,1
2022-02-05 12:00:00,23.26019072039577,104.47024156885678,0
2022-02-05 13:00:00,18.233055709261432,101.05719995467155,0
2022-02-05 14:00:00,19.83678449053935,100.27762131625501,1
2022-02-05 15:00:00,22.816258312709962,95.74457787228552,0
2022-02-05 16:00:00,16.785173532346953,114.21975559292464,1
2022-02-05 17:00:00,22.96964101870084,104.56363363480786,0
2022-02-05 18:00:00,22.323649177335778,94.71329341064512,0
2022-02-05 19:00:00,25.12702604192508,98.91996163219042,0
2022-02-05 20:00:00,30.770920152470097,92.59133295795928,1
2022-02-05 21:00:00,25.86252208246433,93.91708849918506,0
2022-02-05 22:00:00,25.105310106710316,93.59274275809801,0
2022-02-05 23:00:00,25.49727228515356,88.65688406277772,0
2022-02-06 00:00:00,26.13696387560564,107.77276963767956,0
2022-02-06 01:00:00,19.916306756951155,97.08958536726975,1
2022-02-06 02:00:00,24.42612337614601,105.5412757832677,0
2022-02-06 03:00:00,26.543756209183066,93.29874102272703,0
2022-02-06 04:00:00,18.146200087284697,99.39637505607661,1
2022-02-06 05:00:00,29.328264614079266,92.8895940320889,0
2022-02-06 06:00:00,30.406880172290947,107.19668170537332,0
2022-02-06 07:00:00,21.843120057753055,97.51580693294962,0
2022-02-06 08:00:00,23.793311042734477,92.69126414048614,0
2022-02-06 09:00:00,20.609048285949633,83.58296771190216,0
2022-02-06 10:00:00,28.496902417939086,102.75666549340774,0
2022-02-06 11:00:00,19.693888562770454,92.91614947661893,0
2022-02-06 12:00:00,23.887614948785398,99.84220782879005,0
2022-02-06 13:00:00,20.70540046096164,95.08269891986473,0
2022-02-06 14:00:00,25.254771385056447,109.54189580898765,0
2022-02-06 15:00:00,16.028853642551397,105.44144752358008,0
2022-02-06 16:00:00,31.632308211828466,104.47212087454831,0
2022-02-06 17:00:00,20.176967878968682,93.8387887667652,0
2022-02-06 18:00:00,25.29947341558138,104.6629004355019,0
2022-02-06 19:00:00,23.937384776148456,117.14831608676043,1
2022-02-06 20:00:00,21.189427440387508,91.67813965849938,0
2022-02-06 21:00:00,20.561099316820325,101.72339139229189,0
2022-02-06 22:00:00,29.6819927177623,83.50783025582868,1
2022-02-06 23:00:00,22.371797034490303,113.98562092125536,0
2022-02-07 00:00:00,26.355850923186555,96.02087901409159,0
2022-02-07 01:00:00,20.992515573028125,107.82578880841977,0
2022-02-07 02:00:00,21.764092840761197,82.76771749283677,0
2022-02-07 03:00:00,27.361235750439242,117.97539387125904,0
2022-02-07 04:00:00,29.652042480555583,96.43128471974401,1
2022-02-07 05:00:00,24.1234179883649,105.45657323470027,0
2022-02-07 06:00:00,17.890400641797815,101.50818206332593,1
2022-02-07 07:00:00,34.98978039875002,97.44529213812231,0
2022-02-07 08:00:00,20.717253458828953,116.85792302659303,0
2022-02-07 09:00:00,17.29206300164106,83.5195379363382,0
2022-02-07 10:00:00,37.97212293884076,102.98713659992009,0
2022-02-07 11:00:00,22.979838530745315,109.1064567222997,0
2022-02-07 12:00:00,17.69133655869296,99.70143878363633,0
2022-02-07 13:00:00,21.58280116605659,98.81829215633408,0
2022-02-07 14:00:00,26.837724480111344,98.57312287926536,0
2022-02-07 15:00:00,25.951557787969698,87.72363579589592,0
2022-02-07 16:00:00,20.74135401373205,100.38127384094935,0
2022-02-07 17:00:00,34.113618000639796,105.12717523472399,0
2022-02-07 18:00:00,22.392101610033134,100.68599227480661,0
2022-02-07 19:00:00,19.07656704794224,97.2772389885492,0
2022-02-07 20:00:00,29.8034669923033,95.10274977626973,0
2022-02-07 21:00:00,31.64531423269841,97.20703330721628,0
2022-02-07 22:00:00,20.912534511918867,112.57744217496038,0
2022-02-07 23:00:00,17.993263534803447,79.13365020579457,0
2022-02-08 00:00:00,30.152191337078023,100.40071456547776,0
2022-02-08 01:00:00,14.763381934710191,96.72245082703583,1
2022-02-08 02:00:00,18.866891703016922,114.55807951836843,0
2022-02-08 03:00:00,29.837230750251173,100.55492225443803,0
2022-02-08 04:00:00,24.72323725988805,114.84925598699954,1
2022-02-08 05:00:00,23.68031325703656,78.76109981954441,0
2022-02-08 06:00:00,26.76408303247189,104.59584904834057,0
2022-02-08 07:00:00,24.236127882272957,102.8005786003768,0
2022-02-08 08:00:00,18.50656638918455,113.90533967073938,0
2022-02-08 09:00:00,31.38037673003094,83.58651391176971,0
2022-02-08 10:00:00,31.625070264434076,98.44964191881674,0
2022-02-08 11:00:00,26.026662818889797,100.66060261786492,0
2022-02-08 12:00:00,25.22567007716005,95.04204505454791,0
2022-02-08 13:00:00,36.69812403010029,112.1657771374294,0
2022-02-08 14:00:00,23.617835774920813,96.61317814554603,0
2022-02-08 15:00:00,23.702115090829803,120.34762544021154,0
2022-02-08 16:00:00,26.82240624620253,110.54177908938922,0
2022-02-08 17:00:00,32.35660978071169,109.508336970038,0
2022-02-08 18:00:00,32.96385377208742,105.59298981390884,0
2022-02-08 19:00:00,23.707136841616144,89.36304408974452,0
2022-02-08 20:00:00,26.541656229796725,95.68903662489242,0
2022-02-08 21:00:00,18.109582664679614,105.72751366857216,0
2022-02-08 22:00:00,23.440119460418934,106.77557033587718,0
2022-02-08 23:00:00,20.79854802260347,113.07183845081258,0
2022-02-09 00:00:00,19.96584123850508,95.32558990374093,1
2022-02-09 01:00:00,33.407883581336634,91.39846615075336,0
2022-02-09 02:00:00,21.038566690969276,108.5910419278553,0
2022-02-09 03:00:00,22.341970459942726,91.90373423959888,0
2022-02-09 04:00:00,26.82924393958429,108.73311836070413,0
2022-02-09 05:00:00,31.489126334867926,111.99736176415038,0
2022-02-09 06:00:00,27.405575631944178,104.56153035827056,0
2022-02-09 07:00:00,38.79677557010791,96.42420968031402,0
2022-02-09 08:00:00,24.626660108744254,100.4108222614388,1
2022-02-09 09:00:00,26.29358220114873,105.93465919603238,0
2022-02-09 10:00:00,26.378003369920282,100.10185518712073,0
2022-02-09 11:00:00,32.17524693394577,121.98296338670492,0
2022-02-09 12:00:00,27.536194755548077,90.0932906937285,0
2022-02-09 13:00:00,24.418851498064253,89.97331412630209,0
2022-02-09 14:00:00,20.262557025465604,90.23104613264675,0
2022-02-09 15:00:00,26.222217279808163,94.10420077454785,0
2022-02-09 16:00:00,32.006724156459796,78.2106847980509,0
2022-02-09 17:00:00,22.948091031710646,93.70349573059819,0
2022-02-09 18:00:00,27.64471809208291,93.46715298072111,0
2022-02-09 19:00:00,26.23073894342422,100.78514025174177,0
2022-02-09 20:00:00,29.317598291906574,104.17800583206082,0
2022-02-09 21:00:00,20.976231296810653,87.59783663592229,1
2022-02-09 22:00:00,36.73323515263281,109.00054242764072,0
2022-02-09 23:00:00,18.604194464858708,118.02242229790548,0
2022-02-10 00:00:00,23.172244550069813,97.91714896905003,0
2022-02-10 01:00:00,29.69046270452823,115.74371237475572,0
2022-02-10 02:00:00,26.483665862470566,101.98989494405188,1
2022-02-10 03:00:00,29.149930795405517,119.88731918595391,0
2022-02-10 04:00:00,22.51948833008719,111.1728346568819,0
2022-02-10 05:00:00,24.625975086598295,84.36095365160233,1
2022-02-10 06:00:00,25.061159918194086,100.18627370661355,0
2022-02-10 07:00:00,32.846298072679524,110.54324974904078,0
2022-02-10 08:00:00,28.452145121915244,100.30546581040618,0
2022-02-10 09:00:00,28.98336054182336,99.63116469154933,0
2022-02-10 10:00:00,21.710369537316023,112.69764750314303,0
2022-02-10 11:00:00,29.844413192815253,92.90145817853896,0
2022-02-10 12:00:00,26.127908317844017,100.17515613278218,0
2022-02-10 13:00:00,31.94572657838964,103.23625764609119,0
2022-02-10 14:00:00,35.07030077459234,96.66209039646436,0
2022-02-10 15:00:00,23.466171119864978,99.79870896122462,0
2022-02-10 16:00:00,22.968484347774687,107.7502326322417,0
2022-02-10 17:00:00,20.679775044488153,104.32837621499993,0
2022-02-10 18:00:00,24.2821024414184,91.91282468020466,0
2022-02-10 19:00:00,23.08987275524808,88.95876014200738,0
2022-02-10 20:00:00,26.79752199785505,92.1089781974335,0
2022-02-10 21:00:00,24.27716591533132,100.01248455788486,0
2022-02-10 22:00:00,23.1920035960919,98.40060212242958,0
2022-02-10 23:00:00,30.32292568063926,91.68042506782875,0
2022-02-11 00:00:00,20.31059884424274,94.01849547483513,0
2022-02-11 01:00:00,27.16553976575672,84.79960714807936,0
2022-02-11 02:00:00,22.970291364057584,104.17853703217327,0
2022-02-11 03:00:00,28.621842524349823,99.59981274648366,0
2022-02-11 04:00:00,31.926307733611154,87.4021265659473,0
2022-02-11 05:00:00,23.484508732879636,100.28620504187784,0
2022-02-11 06:00:00,27.205164536365757,113.42622010510354,0
2022-02-11 07:00:00,25.8939643286659,92.6006414703474,0
2022-02-11 08:00:00,21.002888002284518,113.15137665720972,0
2022-02-11 09:00:00,26.203937548709693,96.76542527516577,0
2022-02-11 10:00:00,26.44560252639406,101.97828167849867,0
2022-02-11 11:00:00,27.064354102230872,100.97750802422185,0
2022-02-11 12:00:00,24.00800551589977,114.01523416005246,0
2022-02-11 13:00:00,25.470961501550732,101.58433846785532,0
2022-02-11 14:00:00,19.261945275784324,88.58098580796154,0
2022-02-11 15:00:00,23.209429622600716,86.89029629558787,0
