Temperature,Vibration,Label
87.64052345967664,0.555962679709798,0.0
74.00157208367223,0.8924738873315303,0.0
79.78737984105739,-0.4223148241252707,0.0
92.40893199201457,0.10471402943328433,0.0
88.67557990149967,0.2280533251240672,0.0
60.22722120123589,0.20147994670443287,0.0
79.50088417525589,0.5407735853003902,0.0
68.48642791702302,-1.8180776303835695,0.0
68.96781148206442,-0.04932407014757259,0.0
74.10598501938372,0.2390336012467649,0.0
71.44043571160879,-1.0003303489537054,0.0
84.54273506962976,1.67398570701071,0.0
77.61037725146994,0.16155926723816796,0.0
71.21675016492829,1.5634047450289295,0.0
74.43863232745426,-0.7905230218330772,0.0
73.33674327374267,-0.907300121525327,0.0
84.94079073157606,0.2242522209656819,0.0
67.94841736234198,-1.6786883628286566,0.0
73.13067701650901,0.21496559062609352,0.0
61.45904260698275,0.09721923200291803,0.0
44.470101841659215,1.0156652815421012,0.0
76.5361859544036,0.7010413411650971,0.0
78.64436198859505,-0.417477349885034,0.0
62.57834979593558,-1.0974966547702447,0.0
92.69754623987608,1.7123052213432965,0.0
55.45634325401235,-0.79211502056515,0.0
70.45758517301446,-1.0455245570694658,0.0
68.12816149974167,-1.0848560594614451,0.0
85.32779214358457,1.1173053155366646,0.0
84.69358769900285,-0.5189002044248521,0.0
71.54947425696916,-0.7537044661806008,0.0
73.78162519602174,0.13768982590334733,0.0
61.12214252369887,-0.20694471055729102,0.0
50.19203531776073,-0.6780954607862469,0.0
66.52087850673847,0.7539914669784796,0.0
71.5634896910398,1.0653154920979948,0.0
82.30290680727721,0.9853175089398669,0.0
82.02379848784412,0.766919669661199,0.0
66.12673182592047,0.4026255311300352,0.0
66.97697249424664,-1.775887999961829,0.0
59.51447034932907,1.6692508063769687,0.0
55.79982062821025,0.30198921035755294,0.0
52.937298093749874,0.6081564276006415,0.0
89.5077539523179,1.1149623229474022,0.0
64.90347818248347,1.4333525028819918,0.0
65.61925698388814,0.4183980113091925,0.0
57.47204639950074,0.4355461592956536,0.0
77.7749035583191,-0.5992242774597194,0.0
53.86102152442049,0.0330897511387602,0.0
67.87259719786032,-0.8541612608143545,0.0
61.045334388063246,-0.7199405321418947,0.0
73.86902497859262,-0.8935744023141913,0.0
64.89194862431127,-0.15602389099728736,0.0
58.19367815877588,1.0490931879200103,0.0
69.71817771661345,3.1709747732901796,0.0
74.28331870530418,0.18949963754791346,0.0
70.66517222383168,-1.34841308775612,0.0
73.02471897739781,1.264983329856256,0.0
63.65677906319036,-0.3007838764760271,0.0
66.37258834012862,-0.660608593976992,0.0
63.27539552224049,0.2098494779230553,0.0
66.4044683845946,-1.2406245995562275,0.0
61.86853717955546,0.22246316400860677,0.0
52.73717397668323,-0.08837552319915497,0.0
71.77426142253753,0.09837790681547566,0.0
65.98219063791738,0.38141625420917086,0.0
53.69801653033956,0.0674922572408068,0.0
74.62782255525774,0.016338084112892493,0.0
60.92701635616758,0.2843145189979445,0.0
70.51945395796139,0.41540062617112683,0.0
77.29090562177537,-1.0314824603152577,0.0
71.2898291075741,-1.4299912586854484,0.0
81.39400684543301,-0.061638052172214755,0.0
57.651741796463476,-1.432735489934108,0.0
74.02341641177549,0.08753147092167086,0.0
63.15189909059687,0.9387468756823101,0.0
61.29202850818118,0.6071116719160459,0.0
64.21150335235585,-1.0481704068254731,0.0
66.88447467872628,-0.8602624519575188,0.0
70.56165342229745,0.3283012950007554,0.0
58.348501592166436,-0.40129780513351004,0.0
79.00826486954188,-0.31665529505210693,0.0
74.6566243973046,0.5969064812479539,0.0
54.63756313722776,-0.9872866934576524,0.0
84.882521937956,-0.40123470991118243,0.0
88.95889176030583,-0.8000824760846013,0.0
81.7877957115965,-1.0431294980353556,0.0
68.2007516418765,-0.8570781886711647,0.0
59.292473784894575,0.6774621693464117,0.0
80.54451726931137,0.05182038948242156,0.0
65.9682305302682,-0.8791606288350748,0.0
82.22445070382427,-0.23110160759299653,0.0
72.08274978076861,-1.6388073071221778,0.0
79.76639036483712,-0.7333128075836657,0.0
73.56366397174402,2.149574534867287,0.0
77.06573168191949,-0.0902438496657506,0.0
70.1050002072082,0.7316589270303925,0.0
87.85870493905836,-0.06548837514448298,0.0
71.2691209270362,0.34816923524180865,0.0
74.01989363444702,0.663258089679174,0.0
88.83150697056254,-1.1046165975264708,0.0
56.52240938857554,-0.030936257273958937,0.0
57.29515001514267,1.5788651944164882,0.0
79.69396708158011,-0.795500550053291,0.0
58.2687659488584,-0.5664398537322193,0.0
89.43621185649292,-0.30769127736700175,0.0
65.86381019240252,0.26902407317624666,0.0
62.525451885592425,0.5249178636458827,0.0
89.22942026480385,1.2674116548186567,0.0
84.80514791434425,0.49949823346865946,0.0
88.6755896042657,-0.06205312579833403,0.0
79.06044658275385,1.2591671296108138,0.0
61.38774314945297,0.7041110221415822,0.0
89.10064953099034,-1.4956795162570162,0.0
67.31996629048619,2.5263682403559984,0.0
78.02456395796395,1.7699213881967337,0.0
79.47251967773748,-0.1682142227670741,0.0
68.44989906909166,0.37791010173847506,0.0
76.1407937034608,1.3243587499958391,0.0
79.22206671566526,-0.17220079269688263,0.0
73.7642553115563,0.7303517903770194,0.0
59.00599209415805,1.1045784735714765,0.0
72.98238174206055,-1.014825907734441,0.0
83.2638589668703,-0.6023318535828621,0.0
63.05432140268635,0.9214083978105813,0.0
68.5036545967233,0.4608144771488305,0.0
65.64846448278362,0.9237965603139469,0.0
88.49263728479342,-0.13256801465371804,0.0
76.72294757012435,-0.289005210954233,0.0
74.0746183624111,-1.9986394755833727,0.0
62.30083925554683,-1.1460004265074433,0.0
75.39249191291817,0.04706609465849369,0.0
63.25667339342624,0.8245572195642364,0.0
70.3183055827435,0.5311783665356953,0.0
63.64153921621119,-0.12824197402770202,0.0
76.764332949465,-0.27177156649069667,0.0
75.76590816614942,0.21717963263828013,0.0
67.91701244422005,0.07821118109215218,0.0
73.96006712661645,1.404545514939712,0.0
59.06938491269494,0.14644077047824985,0.0
55.087424072943946,-1.4812459621972984,0.0
74.39391701264537,-1.272558135032317,0.0
71.6667349537253,1.5187593369635801,0.0
76.35031436892106,-1.1711604614500803,0.0
93.83144774863942,0.7644974530335336,0.0
79.44479486990414,-0.2683727352093812,0.0
60.87177774555842,-0.16975829390248548,0.0
81.17016288095853,-0.1341327827684201,0.0
56.84092589488479,1.2213849594591983,0.0
65.38415395185291,-0.19284182854396467,0.0
69.31758394675369,-0.03331928284515295,0.0
87.13342721649366,-1.5308034973994926,0.0
62.5524517795156,0.2066905117080033,0.0
61.73561461340986,0.5310425069780597,0.0
69.01547475574567,0.23914558065378702,0.0
63.365217136378924,1.3978962610867354,0.0
81.26635922106507,0.05517135478023174,0.0
59.200684916365766,0.2989774561190176,0.0
58.52531347588898,1.648504010268179,0.0
65.62179955255566,-1.5500141893581478,0.0
65.01967549307695,-0.45582534779936884,0.0
89.29532053816986,1.4261587520192662,0.0
79.49420806925761,0.9361291483110824,0.0
70.87551241385191,0.6783800988404703,0.0
57.74564481169832,0.8326507394644783,0.0
78.44362976401547,0.3270662091210221,0.0
59.997846526104354,1.6315974275322715,0.0
54.55228903222388,0.3777591697307179,0.0
81.88029792352302,0.23986710589527857,0.0
73.1694261192485,0.15895867412564327,0.0
79.20858823780819,0.19286395555038602,0.0
73.1872765294302,-1.1570172808158679,0.0
78.56830611902691,0.7706730544633433,0.0
63.48974406699853,-0.13043973378332732,0.0
59.657571582155356,1.821915097860406,0.0
76.81594518281626,-0.07565047058842289,0.0
61.965903358261585,0.4209182841756566,0.0
63.10450222249799,0.24660218626133443,0.0
65.44467496482658,-0.6255570351092533,0.0
70.17479159025056,0.9921368285185058,0.0
66.46006088746516,1.9050636405600176,0.0
56.25048706581981,-0.014777219659844777,0.0
63.5638159716711,-0.3004787855854223,0.0
47.765968477755735,-0.3550287310553741,0.0
76.25231451027187,-1.8923618933173414,0.0
53.979423443932525,-0.17781314370301254,0.0
58.956166605715495,0.25099811600832395,0.0
70.52165079260975,1.0547579251802828,0.0
62.60437003608687,0.9600477411499279,0.0
85.43014595406736,-0.4164990824366925,0.0
57.07143090276551,-0.27682299477388833,0.0
72.67050869349183,1.123905305614439,0.0
69.60717181772505,-0.17346389707287913,0.0
58.31906502258803,-0.5100295397556169,0.0
75.23276660531754,1.3925184494342724,0.0
68.28453668777752,1.037585667050634,0.0
77.71790551213667,0.018791791774257802,0.0
78.23504153963731,-0.5937774477786675,0.0
91.6323594928069,-2.011880319244709,0.0
83.36527949436392,0.5897036055747239,0.0
66.30818162057557,-0.8963697225521802,0.0
67.60620822424073,-1.962732009140752,0.0
80.99659595887113,1.584820527349018,0.0
76.55263730722598,0.6479677910098883,0.0
76.40131526097592,-1.1390081931169653,0.0
53.830439556891655,-1.214401382959259,0.0
69.75673875601065,0.8709617821716196,0.0
62.61969090794311,-0.8779706165358702,0.0
72.79924599043238,1.2961498675278833,0.0
69.01849610357041,0.6164593126261553,0.0
79.10178908092593,0.5365965205668235,0.0
73.17218215191302,0.4046954556143003,0.0
77.86327962108976,0.19145087202391178,0.0
65.33580903264057,0.8805111991771105,0.0
60.555537440817496,-0.45408036251560513,0.0
65.89950306797452,0.08595197343438468,0.0
69.82979586138559,0.7519465876771957,0.0
73.79151735555082,0.5629897185861278,0.0
92.59308950690851,-1.1949868052686603,0.0
69.57742848339358,-0.500409667304264,0.0
60.44054999507223,0.25280350541915453,0.0
66.54018224300614,-0.4080147090398969,0.0
65.36404025353906,1.7746585609733332,0.0
74.81481473773462,-0.39315319475411287,0.0
54.592029855553754,-0.16221844757669085,0.0
70.63261994200332,0.7694301781773039,0.0
71.56506537965376,0.33053274323491577,0.0
72.32181036200276,-0.14527445720476923,0.0
64.02683931034638,-0.7564935288807483,0.0
67.62078270263993,0.3015140573967662,0.0
55.75939091017469,1.0390964403783927,0.0
65.06680116637806,0.4790952240982286,0.0
64.57138523983282,-0.7781835214561222,0.0
74.16050046261425,1.7367749569767108,0.0
58.438175681780876,-1.4465778900358943,0.0
77.81198101709994,-1.582685641802789,0.0
84.94484544491368,0.9605572244572284,0.0
49.30014974986467,0.2258404786026901,0.0
74.262587307781,-0.5494985463040403,0.0
76.76908035030246,-1.0985707275553296,0.0
63.625629744477706,2.320799839280298,0.0
66.02728185671202,0.11709087215544195,0.0
68.67119422413045,0.5342011708457715,0.0
67.02209120598272,0.3178850972381816,0.0
66.90987030952878,0.43480795773115793,0.0
53.23996193670023,0.5400944605248059,0.0
81.5233156478312,0.7324240097548762,0.0
80.79618592036822,-0.3752224007606727,0.0
61.86635740795797,-0.2916419863518446,0.0
55.33575672197486,-1.7410228083589014,0.0
75.21064876452759,-0.7803044065015394,0.0
64.24212030186933,0.2711127964467149,0.0
71.4195316332078,1.0450233755026905,0.0
66.80671582854904,0.5990395263761841,0.0
76.91538751070186,-0.34069234387793046,0.0
76.94749143656006,-1.2631729120851543,0.0
62.74402621536416,-2.7773591454274333,0.0
56.166360446049445,1.151733974780799,0.0
54.170616026649185,-0.5892289865101498,0.0
76.10379379107205,-0.44846500620405927,0.0
58.111407422159715,0.13157396790806872,0.0
64.93183645701312,-1.4055600473918899,0.0
64.03685961549492,-0.3497821801115369,0.0
69.47432703730453,2.023471949769974,0.0
50.637201941534926,0.5053869385773427,0.0
71.88778596793829,0.3592491565134564,0.0
75.23891023834206,-1.5824944779817585,0.0
70.88422087044661,2.2436018945826404,0.0
66.89113828301528,-1.4227949086263427,0.0
70.97400166268784,1.9223247554443985,0.0
73.9904634564013,-2.1150560151878075,0.0
42.2740724357335,1.4053654387244203,0.0
89.55912308250694,1.6180542690002255,0.0
73.90093322687926,-0.8244091213278346,0.0
63.4759141761298,0.42258037227288275,0.0
66.09046624812399,0.547480572104665,0.0
74.93741777349189,-0.8137944832313059,0.0
68.83896060965634,-1.4491176107369304,0.0
49.693155322185056,-1.3177173431407654,0.0
90.6449286135932,0.5410082199598076,0.0
68.89459342767528,-0.08511560251940574,0.0
80.201727117158,-0.5643010333021604,0.0
63.079501522156086,0.9667680111664602,0.0
85.36377054245798,0.5080679093914777,0.0
72.86343688892279,-0.7554627263656334,0.0
76.08843834475451,-1.2012015190173893,0.0
59.547466338530455,0.5232617386880769,0.0
82.111452896827,-0.5375833685580619,0.0
76.89818164534789,0.09920486253150243,0.0
83.01846229564998,1.5762989726277177,0.0
63.71912440358421,0.5023282400747796,0.0
65.18972881539213,-0.8622669997532367,0.0
93.03916697683943,0.16066118981977281,0.0
59.39984177278453,-0.9526449528153877,0.0
68.64050299321678,1.6085221559487237,0.0
81.36891362602695,-0.5615787496032209,0.0
70.97724967714855,0.20727074697361864,0.0
75.82953679753294,0.307732574679432,0.0
66.00550970737125,0.15925046837370244,0.0
73.70055887847519,-1.9585489551365387,0.0
56.93473148264683,-1.4464210639833286,0.0
86.58130679618188,-0.4523502755690917,0.0
68.8183595487143,0.31943183333153063,0.0
63.1982179600315,-0.13777921428577067,0.0
76.66383082031915,-0.9571474731510168,0.0
65.39280212611446,-1.348424319121701,0.0
56.65741528597246,-0.4015575444993436,0.0
56.53282494202445,-0.46847604467972315,0.0
76.93773152690133,0.5128364575927566,0.0
68.40426561853734,-0.3263184621583181,0.0
68.6629844033156,0.6027076564293296,0.0
80.77743805976263,-0.5946497697204054,0.0
58.73174191243257,-0.2559576692142683,0.0
62.69322247135175,-0.3480463796426194,0.0
66.15120190818725,-0.7823669669020897,0.0
70.94351589317074,0.6251186564337302,0.0
69.5782854870942,-0.813595997094507,0.0
67.13112807610092,-0.521641509970619,0.0
69.38373597904352,-0.07311964594819724,0.0
68.92694723708826,-1.2973796559567399,0.0
62.80395611448207,-0.3249349583204991,0.0
61.870070114459224,-0.7113063597427886,0.0
72.7451635772394,-0.3881541924822496,0.0
61.09084917004472,-0.05992800267109062,0.0
58.42644740809146,-0.7999136231406647,0.0
66.87707748874307,-0.2200757798203556,0.0
68.42332983836184,1.3086687523521792,0.0
92.56723497298209,-0.02579855825448711,0.0
62.952997241437664,1.1452621730192247,0.0
79.43260724969495,0.3464944420067607,0.0
77.47188334204631,0.7741606098188164,0.0
58.11055044796264,-0.7744589687708259,0.0
77.73252977402599,0.10490716508551272,0.0
58.16119359806682,0.1339129226154759,0.0
43.40827762003259,-0.6126257388749357,0.0
76.06319524359381,-0.8228283242942818,0.0
52.44109416562281,-1.4902653879072982,0.0
74.50934461805915,1.496139636951632,0.0
63.15989102262783,-0.9724028893524976,0.0
86.59550796189872,1.3462210732223001,0.0
80.6850939931601,-0.4674931736578535,0.0
65.46614196148613,-0.8624932997247339,0.0
63.12162388971318,0.6225191403049977,0.0
57.8592259690588,-0.6311919417468571,0.0
65.59077367707408,0.5684589189242769,0.0
67.19644504815491,-0.3328117648522096,0.0
66.35306455608314,0.48042449611778676,0.0
71.56703855272364,-0.9681860639071049,0.0
75.78521497728879,0.8313510579847683,0.0
73.49654456993174,0.4879726826630046,0.0
62.35856076093557,-0.9196506900626618,0.0
55.62208526198422,2.6429357210147417,0.0
83.64531848102472,0.540123026400494,0.0
63.105508154500626,2.2904670705305388,0.0
63.47706400064981,1.6002678187487591,0.0
64.78810687698889,-0.1888347802177838,0.0
51.56930449843351,-0.4122717546045429,0.0
65.22025995959514,-0.4034591834208012,0.0
65.20344185992053,-1.8300285504278102,0.0
76.20358298343513,-0.6958351193495473,0.0
76.98457149107335,0.24676602397997058,0.0
70.03770889086269,1.5259575608848084,0.0
79.31848374114304,-0.7727718829782021,0.0
73.39964983801262,0.8820565993630106,0.0
69.84317888397445,-1.252593341503319,0.0
71.60928168298223,-0.5863200252111324,0.0
68.093465064186,-0.45764059428952597,0.0
66.0515048596655,0.3718110814974935,0.0
67.32266463106033,0.45730964672081126,0.0
58.71988668529993,0.9623417448143452,0.0
72.80441705316296,0.7708369604049367,0.0
60.06876389070419,0.24316821540249173,0.0
78.41631264073636,0.3903649435086224,0.0
67.50541419839051,1.5885306910975325,0.0
70.4949498165009,-0.5109261812322631,0.0
74.93836776280956,0.7747283190671621,0.0
76.43314465062927,-1.8081439264982515,0.0
54.293765913665474,0.4113342428976086,0.0
67.93096323836028,-0.4832495424791074,0.0
78.80178912080783,0.002571182431510025,0.0
53.01894180567746,1.0400862450537032,0.0
73.87280475395063,0.16464380952639762,0.0
47.444357705978106,0.8851875412089273,0.0
59.77493156364396,1.4737648151384048,0.0
70.38630551840188,0.38909396886572056,0.0
53.43284897678046,1.1710410646204883,0.0
60.1448926231585,-0.3265609776792077,0.0
55.281649925364135,-0.008209882269614045,0.0
86.4813493220756,-0.522619416398478,0.0
71.64227755487335,1.042977594646376,0.0
75.67290277852669,0.4140913537935951,0.0
67.77324899484846,-0.5072344618949226,0.0
66.465682512428,0.1546688336463322,0.0
53.83525811348967,1.0415683888185818,0.0
67.08162637252137,-0.039267991037953184,0.0
62.38507788188377,-0.9489328108497634,0.0
78.57923924292336,0.1319117557874122,0.0
81.41101866657573,-1.9805655910689397,0.0
84.66578715574178,0.768770644399475,0.0
78.52551939461232,-0.4213275873246805,0.0
64.01346063077014,-0.46931073627910674,0.0
58.84103014039606,0.8756956787795067,0.0
77.66663181645086,-1.3651628772251687,0.0
73.56292817472288,1.9470986428203578,0.0
52.314615493229695,-0.4802420417382233,0.0
73.5548179274377,-0.5232509433848951,0.0
78.14519822487867,1.021224743167163,0.0
70.5892558918163,0.7086952731104266,0.0
68.14946328990658,2.451229719075076,0.0
61.923515123836445,-0.21120598363152,0.0
55.53465300436612,-0.12040663866440973,0.0
78.00297949340028,-1.4793159799632536,0.0
66.90885555228292,-0.33210227734882514,0.0
67.66533338456307,-0.7214312955717558,0.0
87.32721186919133,-0.44876701310549916,0.0
76.8450110685919,-1.7441877565539552,0.0
73.70825001281102,1.660607559894514,0.0
71.42061805187235,-1.4166034824256406,0.0
85.19994860765773,-2.802202798391713,0.0
87.19589307416194,-1.1884244215830193,0.0
79.29505111479529,-0.603839552796151,0.0
75.82224591397924,-1.1495540632571182,0.0
49.05396928793856,1.0983035407325124,0.0
71.23721914233506,-0.13783917859609385,0.0
68.69893045806296,0.025385604406458987,0.0
70.93953229385569,0.6103917643054128,0.0
79.43046087322517,0.28601252697811796,0.0
42.603228328104436,0.978567297446043,0.0
64.30687946529815,-1.1094775536361452,0.0
72.69904354940762,-0.5475181006794317,0.0
65.33154453947238,0.6659671460695378,0.0
55.830938868737405,-2.53455446208423,0.0
78.68963486896796,-1.3751844793172407,0.0
72.76871905846129,0.5009922321799466,0.0
60.28895429555516,-0.48024903499492544,0.0
73.14817204515823,0.9361075501096976,0.0
78.21585712049796,0.8091802968531627,0.0
70.05292646299361,-1.1980928801910382,0.0
78.00564803430997,0.4066570874668812,0.0
70.78260175161661,1.2016978556675064,0.0
66.04771017345645,0.1474344016509719,0.0
58.40579483600087,-0.9774648772458692,0.0
69.14069233028387,0.87938994191337,0.0
71.94292938045771,0.6354245265539955,0.0
78.75832761587331,0.5426107834987963,0.0
68.84892531512773,0.7159388934369917,0.0
74.57415606220991,-2.994612860227619,0.0
60.353879862662716,0.8809375610809715,0.0
62.17370844172475,1.8081318105789754,0.0
68.89610700973113,0.436638474629293,0.0
59.45371536014986,0.19272899649972683,0.0
78.2024783732468,0.6964386733914393,0.0
74.63130329318606,0.3382254736851153,0.0
72.79095764392453,0.651781261700616,0.0
73.38904125215944,0.0014710002454108063,0.0
90.21043561484797,-0.7667048545369003,0.0
65.31135812033205,-1.0043227122146134,0.0
47.985587144994426,-0.9981917282318641,0.0
71.99300196896465,-1.3730425509508952,0.0
69.49396459038334,-1.0677420110191065,0.0
64.82480957489597,1.761266127419863,0.0
60.2117014064123,0.7540956636562427,0.0
65.60810478197853,-0.6250273906846713,0.0
71.81338429217821,-0.3903926939855081,0.0
64.97183299357462,0.11255753090645429,0.0
94.12453679543748,-0.6555450294843581,0.0
60.39495618366852,0.06751685717432486,0.0
62.06882637292328,0.777604137902912,0.0
47.113799599854715,-0.035742733548173485,0.0
72.51484415021537,0.33601574266199213,0.0
49.835933722002395,0.8864915393596159,0.0
64.60545366625499,-0.2721317560182082,0.0
67.24329465439443,0.28479059913436316,0.0
62.902720341531115,-0.30937759288336136,0.0
87.3887267745451,-0.0285288698344164,0.0
79.94394391315498,-0.32473026508296,0.0
83.19136876301576,-0.5288698535561153,0.0
61.17581181450082,0.17371185298702344,0.0
81.28594064514569,0.5665453158182124,0.0
74.96000946343962,0.14630444600104425,0.0
77.71405948676846,0.498726958311932,0.0
80.29438828782767,-0.7379317802412299,0.0
60.91236754040947,-1.2037351921997794,0.0
65.75682379022099,0.41704350296760356,0.0
78.6259601132845,0.6878813911747546,0.0
43.44380907025067,0.04985726659982265,0.0
85.13328082573204,1.3480357804247187,0.0
75.53132064207584,0.9076987979878987,0.0
69.54296039339765,2.6805708407690005,0.0
72.20507655757173,-0.20080851399566557,0.0
59.70064716691024,-0.9988487960953681,0.0
66.50056635410895,-0.7401367907395136,0.0
81.00284338220374,-0.5654978063746563,0.0
82.98021972326221,0.4760313834381145,0.0
96.96224052563579,-2.158068563961257,0.0
69.26075333719585,1.3185510180908366,0.0
63.414470331949964,-0.23929659114234414,0.0
64.8576603406001,-0.24679355778875178,0.0
59.81958124712635,-1.0793431660249952,0.0
69.22145244059149,-0.11422555145018021,0.0
73.82732430012268,0.013239767667533552,0.0
69.65757719468046,-0.12194492760027727,0.0
80.96346845665798,0.3390592559424304,0.0
67.65784198655463,-0.5896320419510298,0.0
66.52549347501437,-0.8958157604108271,0.0
64.18731523139675,0.5483281304979799,0.0
53.67365473765505,0.09866745381579567,0.0
54.32232275691546,0.1971810551973674,0.0
58.208420693623125,1.0590272544419663,0.0
83.0142807166476,-1.0225643912606857,0.0
78.9526027288993,-0.8552404572508642,0.0
83.7496406639299,1.2572196508289941,0.0
56.67788345405498,-1.4828833575740425,0.0
50.3137531021398,-1.3094121463310142,0.0
63.399436798659174,0.8178618311849958,0.0
71.75818953296027,0.23820019202203863,0.0
74.98690274909828,0.10523213705927585,0.0
80.47972155968053,-0.09165940810038319,0.0
72.84279670807214,0.03126754702756948,0.0
87.42668780655632,-0.09211211469195592,0.0
67.77394319051679,1.3554427025944182,0.0
60.86920781958204,-0.3981481287500751,0.0
53.18781784505566,-0.16137353627777917,0.0
61.1102864190455,1.7944488052250736,0.0
72.42117960985124,0.0275097020298358,0.0
61.11279742646369,2.2320163895251777,0.0
79.36742463535258,-0.10497970101895356,0.0
84.12327706037443,1.3674149824601585,0.0
46.30413094773397,-1.6553440383096778,0.0
78.64052300497647,0.15364446081566638,0.0
47.60395941338263,-1.5844735631509355,0.0
74.01499055090288,0.8444543066045863,0.0
82.2487056419366,-1.2128678162090247,0.0
70.64856106343576,0.2837695543833455,0.0
57.2031082679576,-0.2821958766904351,0.0
64.14568795722228,-1.1582031851840289,0.0
67.383545542891,-1.6193599828975425,0.0
68.17755216210057,-0.5110404635801098,0.0
67.97103159233333,1.7406294458953309,0.0
68.90117220690686,-0.2934850548893775,0.0
72.13480048910169,0.917221542115856,0.0
57.91426346266779,-0.05704286766218815,0.0
67.57980170129781,0.8767267736904524,0.0
85.18261170355706,-1.8269113783045177,0.0
66.15354576857482,-0.40318830684953333,0.0
65.56163906844802,0.9494055237932187,0.0
80.78197303714238,-0.16325494883317873,0.0
44.40815333655904,-0.08645528271104713,0.0
81.81378601288286,-0.43046191188579297,0.0
63.68096241994833,1.149379383367124,0.0
71.63928572452586,0.2975143539549459,0.0
70.96321355921197,0.04402227617534797,0.0
79.42468119220393,0.6430545453392927,0.0
67.32405253764652,0.5882249291179367,0.0
63.219742184355496,0.2125870464375366,0.0
82.97845790651098,1.5470314969908445,0.0
46.3582618285882,-0.06028753363911904,0.0
70.20334181705243,0.278081047967944,0.0
56.520745773708796,-0.6429525533528905,0.0
62.38426611743441,0.1501152270061292,0.0
90.11256681463138,1.5877615237453675,0.0
69.55404573544143,-0.6432576017887388,0.0
71.9506969715138,-1.1335928256384589,0.0
52.184371442944084,0.9967596428198156,0.0
62.70955341205304,-0.14876615223367926,0.0
71.96557400728786,0.09600420496977001,0.0
73.54757693113218,-0.045113303693334814,0.0
76.16886554393278,0.07912172392953508,0.0
70.08627898917577,0.8505306835234382,0.0
75.2700420845466,-0.8391241905992737,0.0
74.53781912635684,-1.0117740841054885,0.0
51.70259588995469,0.08496813703770767,0.0
70.3700572191015,-1.6064396894498327,0.0
77.67902407732704,-1.3730535360419285,0.0
75.8987982073452,1.866683148331627,0.0
66.3614119002921,0.7574683300614039,0.0
61.94373492460632,-0.010056471869014538,0.0
58.816880756783675,1.2380069359584398,0.0
68.68945988458587,-1.040599230085145,0.0
81.33079879559722,-0.3156031233858582,0.0
50.48195898518398,0.6234536094243824,0.0
63.40108270270502,0.8906716814313947,0.0
58.60197544573226,0.5129168468277764,0.0
77.849575212405,-2.5412388076882246,0.0
64.456903734287,-0.968082117664578,0.0
65.29362341845209,0.47706809235686526,0.0
67.8305043006335,-0.35595149304680634,0.0
74.45393250894797,2.5402316207591715,0.0
66.07611001850363,0.9265583009670965,0.0
39.53856945200073,0.5580818806186658,0.0
75.43311891387519,-1.1169495537467236,0.0
74.39042957672042,-0.03529673960291556,0.0
67.80458971668787,0.24120396421895252,0.0
59.159633793280655,1.1277836301278024,0.0
73.51780110681358,0.8811310970996323,0.0
73.79235533535586,1.0329891945199456,0.0
65.29967117299125,-0.923912015810002,0.0
67.83268529424461,1.4121516982986309,0.0
60.698434974756786,-1.3804307523072692,0.0
68.21410907912671,-0.5359145616661618,0.0
54.49570654916519,0.43077113494564145,0.0
74.17318821031836,-0.14989159173313932,0.0
60.556315091757064,-1.0060368579203915,0.0
72.38103147832312,-0.8215498256031326,0.0
55.940370837321005,-1.5482543228490424,0.0
64.0994235413046,0.5319746390071913,0.0
68.89510594934072,1.2605688450421493,0.0
53.39300188130737,-0.10039350340136602,0.0
71.15147873140093,-0.4003488150134234,0.0
66.20852437120077,-1.4723229284664896,0.0
52.57643802190769,0.9132019242521776,0.0
56.967572458876845,2.211304333239493,0.0
76.05120084082166,-1.7974558043668976,0.0
78.95555985551324,-1.0634329381546068,0.0
68.68091360220033,-0.6795930425441441,0.0
74.04761812040498,-0.564317909682489,0.0
72.2384356331291,0.227345950143481,0.0
73.29622982127738,1.6142495472802274,0.0
82.85984007080293,1.0085972868601036,0.0
54.930016017857284,0.5275973827743159,0.0
76.76460732361623,-0.7239287040586021,0.0
66.1799104442218,-1.1196282336804544,0.0
67.7574106574836,-0.7967753063063009,0.0
66.9775026954493,1.5480668013787386,0.0
66.24852883338716,-0.06174330145790107,0.0
57.73803808216981,-0.4468362536626212,0.0
71.83339199257601,-0.18375573024999226,0.0
86.70943032788857,0.8246182196384677,0.0
69.43866979551242,-1.3128496745497917,0.0
69.98614957264904,1.4148741359224224,0.0
63.12700962843336,0.15647625694629896,0.0
68.82525453581889,-0.2163439782957261,0.0
74.6616642603403,0.442846113746739,0.0
66.29757559295658,0.21839707312993703,0.0
65.46195958947999,-0.34419645646738123,0.0
74.03264540163246,-0.2527106720416067,0.0
60.81995230180954,-0.8688625468659522,0.0
72.52496627076873,0.6563907508593024,0.0
78.20321797261421,-0.5319938094111618,0.0
83.59948541679485,-0.9562584224322828,0.0
69.09617992723054,0.16586352265353732,0.0
83.67597239806713,1.3291412827455533,0.0
80.34409886481518,-0.048344623779819615,0.0
60.03787359628934,-0.6081012569516899,0.0
57.82061488406849,0.4038960208359738,0.0
66.9503636214558,1.936712462402552,0.0
80.28935492594854,-1.4519055294317473,0.0
69.27712992439996,0.3822027877852936,0.0
63.99342442342211,0.2050866252318538,0.0
85.5224318004856,1.1615338035591172,0.0
72.86904488003347,0.9909091736848452,0.0
46.794057242092585,-0.18670911180977923,0.0
73.17160626292689,-1.6845172554248828,0.0
75.20040614570868,0.8065637678962596,0.0
72.25608654471104,-0.8351926901914831,0.0
74.49712100231993,-0.9467404109571895,0.0
69.32724391077018,1.1483505806911263,0.0
56.81604130355266,-0.9108503776386525,0.0
66.29295996779547,1.4028447401002433,0.0
60.543842044437085,0.335844721405313,0.0
60.67259089205622,0.3191184000862824,0.0
57.36931650897725,0.30726478050559103,0.0
74.52489092639647,-1.6384236257417921,0.0
70.97896145412628,-1.7763886163465759,0.0
65.51834637319291,0.2155530537886848,0.0
63.50662072269612,0.5680073592264201,0.0
69.76576894978548,0.08261103215620101,0.0
80.79194728112489,-0.8215345170195275,0.0
49.957842845010845,0.018922103882194737,0.0
73.76876520850892,-0.08203415314548415,0.0
64.54288025982217,-0.9571580982754103,0.0
51.15414155020552,1.0139721541121614,0.0
50.542969168360415,-1.7302760615500858,0.0
60.872165058647084,0.5887424068075064,0.0
72.19509555793046,0.3843234052112453,0.0
73.93062933980092,1.0097118548117143,0.0
60.610184273222146,-1.0053118723488588,0.0
80.17020991413244,0.101407146668211,0.0
84.22983496516106,2.171164949318166,0.0
73.96086584956561,0.6620742889997063,0.0
64.08597332191889,0.10058120872896319,0.0
81.24419184510369,0.5391612741141966,0.0
77.55395695663339,0.08617684238012002,0.0
78.67407411354918,2.19089801323984,0.0
63.43536325028469,0.9836361957891795,0.0
41.65445494725297,-0.08561495423049709,0.0
91.16791021483675,0.25233143138452124,0.0
53.89121596550066,-0.39079799608101357,0.0
69.64231928139779,1.209850126410305,0.0
93.8074535121975,-1.4061047713910109,0.0
73.30576756274374,-1.604738529860987,0.0
79.49246473558236,1.4587147496759936,0.0
54.976034306182875,2.1531197925705827,0.0
52.223330452662935,0.4683049076895917,0.0
64.67297208020446,0.11273794123573726,0.0
80.907497344345,0.6572676903047773,0.0
66.5375055235269,-0.6470535263827593,0.0
62.053636789285015,0.1712435451522125,0.0
71.97967289944967,0.03890870585621503,0.0
80.81935218477265,0.6265642507453606,0.0
55.55059800926628,-1.5579985281833963,0.0
57.89457005876648,-0.5070347697653375,0.0
62.11330745490634,0.8449956030008372,0.0
80.94638374712092,-0.675593827630063,0.0
72.34821525948732,-0.9933613754231354,0.0
91.32153410570444,2.042072149826954,0.0
79.36445725831116,0.03811800017940036,0.0
69.6490482313033,-0.5789181399432078,0.0
82.65077838088766,-1.6923704374741084,0.0
72.11497012731878,0.7293463462804262,0.0
62.95078647492555,0.6991361537186938,0.0
76.79974844245102,-0.29875960056993595,0.0
63.036733461389176,-1.1022301909070906,0.0
67.09602899196133,-0.024549423642379036,0.0
83.27782695957983,-0.8358560674816213,0.0
68.987185137826,-0.9420935888731159,0.0
61.968586126583716,-0.10321275146170758,0.0
65.35662308564508,-1.0513903986600646,0.0
80.21790585588673,0.24664895525244618,0.0
64.47459326583271,0.6079925094063973,0.0
66.13129153149353,-0.8396324471731914,0.0
64.89707260366372,-1.3682450953383907,0.0
71.8392549434031,1.561279598955807,0.0
66.14510239624391,-0.9402702359572048,0.0
53.98163951027463,-0.6599427051023377,0.0
61.128190581549596,0.21301716742988736,0.0
60.67210958493562,0.599369372522297,0.0
82.43319384455155,-0.2563168936896428,0.0
78.12674042109043,0.46079432770125556,0.0
75.87259379399826,-0.400986157896401,0.0
64.9464168273559,-0.9711706648243907,0.0
61.84208458006029,1.4263168607870274,0.0
64.92482398342644,2.488441614331128,0.0
59.48119897448326,1.6959695330141693,0.0
94.97200391587008,0.14180663915345446,0.0
47.546783516285984,1.8334353618156785,0.0
75.64008535073809,0.35570351572398445,0.0
57.15447702007473,-0.47728627040322935,0.0
68.95656508505307,0.46637957438197886,0.0
60.119980575062655,-0.09439250641118496,0.0
58.223710375173695,-0.9831181837457077,0.0
58.598036990650385,-0.898321971432016,0.0
87.54986153742058,0.8020517387405159,0.0
68.67011577690408,-1.846531981664673,0.0
62.342978055219135,0.6041367404426842,0.0
75.55786964082873,-1.6295836027484383,0.0
70.103493145663,-2.121176444902436,0.0
77.20033759341652,-1.8388466037584985,0.0
51.757433440621696,1.9667639719347398,0.0
73.03603904462001,-0.196233964943542,0.0
77.72694837102382,0.08658318016541909,0.0
53.384017088854364,1.4192550459109512,0.0
74.48195284423312,0.9341797484997248,0.0
86.96181572828161,-1.3915052694042196,0.0
69.85142296645297,0.8690063428187611,0.0
78.21405937024811,0.1841812647035463,0.0
76.7057045031091,-0.3416780975958806,0.0
62.92494302489423,0.024290914137780388,0.0
70.39766734586495,1.279812020628022,0.0
54.33005289138397,-0.8859664820409529,0.0
65.48696962897473,0.40088567910412115,0.0
72.65687974966237,-0.009657236532908346,0.0
77.23100493737797,-1.7971646153956184,0.0
70.24612125247911,-0.8022531717308108,0.0
77.19983730143166,0.19321355323369646,0.0
58.970937870446306,1.2973420890928906,0.0
68.98302725445129,1.0013310173467296,0.0
70.19279384513077,0.597212504403425,0.0
88.49591246679637,-0.8152756611364586,0.0
67.85833343799916,1.801213990808535,0.0
65.00983362005817,0.21524046763961147,0.0
70.21351223843548,-1.0063655216785503,0.0
60.80886555130056,-0.182904980856951,0.0
71.92753849065217,0.8962484253561593,0.0
66.34944783453743,0.007617498318158107,0.0
52.08672451958816,0.886864686582761,0.0
69.41413448866139,1.1036939574621503,0.0
66.82456906069801,0.40053068459870617,0.0
53.675766979320166,-0.857702623046894,0.0
69.32865845385479,0.13545466318998053,0.0
84.89355962074481,0.045165855938831004,0.0
75.21303748275713,1.8593463338516283,0.0
76.11927192731157,-1.62632193782683,0.0
56.585032744169574,-0.13482245109435406,0.0
74.76898368922222,-0.5840935467949193,0.0
71.48449581380078,0.3351056201959989,0.0
75.29045238334432,-2.437564359199356,0.0
74.22628621708826,1.11492455949028,0.0
56.402192744961866,0.013748487335533657,0.0
69.58599188442032,-1.8447011636280461,0.0
62.42129139574834,-0.3611131347398661,0.0
69.49915905715179,0.6089623416545242,0.0
61.0259907309817,-1.5914478754580315,0.0
83.12470367140996,0.003222216443155699,0.0
61.41027611555658,-1.05747364780153,0.0
61.01057843534464,-0.5559850318789673,0.0
70.74586406543554,0.02673838267463693,0.0
59.22900930596005,0.1834502535815763,0.0
65.75336697567134,-0.47074249818272723,0.0
61.70035402462038,0.27279638953026414,0.0
84.11172063889612,0.8179776072548057,0.0
77.85803826831173,-0.2789142751032398,0.0
69.42530481534605,1.4315677574492909,0.0
66.08782947825983,1.4622141707804195,0.0
79.40917614575113,-0.42870206558582885,0.0
74.05204080322888,-0.6378405564735843,0.0
74.98052404682856,-1.6641729851661735,0.0
69.7380776265575,-0.12656933163938985,0.0
53.11769972228568,-0.3634377801160514,0.0
68.87534017440447,0.7790512201329916,0.0
64.67510080790932,-1.5096616060682988,0.0
76.45055273459877,-0.27739139174310984,0.0
80.11842432994189,0.9687443931111454,0.0
63.42048955238831,-0.7303570955579599,0.0
74.68385234277052,-0.7623615367276093,0.0
87.35878997685714,-1.4469403347558085,0.0
63.32287279429441,2.6205738460182393,0.0
86.81921740073138,-0.7474731780653794,0.0
61.47414152829353,-1.3003468322183391,0.0
70.22959755607951,-0.80385040403152,0.0
69.88854388158158,-0.7742950804868045,0.0
70.11498899870062,-0.2693897784512403,0.0
61.62321958092055,0.8253722320875148,0.0
64.0881689623557,-0.2983231689958337,0.0
63.32279713640601,-0.9228233149968279,0.0
73.26962595404457,-1.4513384981910251,0.0
73.30035114510312,0.02185735821987137,0.0
92.25944331738259,0.04253907402979072,0.0
83.70989006291121,1.5309323510288246,0.0
64.90156757861521,0.09244773546980858,0.0
73.24869615796186,-0.09900831128407737,0.0
79.9711798079176,-1.0506538365874896,0.0
70.30601824338518,-0.3059525750983919,0.0
69.30358421553065,-0.43847445803460605,0.0
70.51574942769889,-0.37016416451370254,0.0
78.67276628808428,-0.9592553926405882,0.0
61.51679477194767,0.5383296032761768,0.0
66.74330531179825,-0.14244541750936937,0.0
74.70433144846481,-0.2003534800049874,0.0
73.11447071554156,-1.7140461160489964,0.0
72.39582759856391,0.4936440875248639,0.0
66.30198833696197,0.48701532598037944,0.0
79.72535789142538,-0.8391294028422137,0.0
91.33868247204538,0.9901213838791937,0.0
74.06415493676207,-1.3647582300824324,0.0
68.0682329845016,-0.021869908789079875,0.0
77.55740288894543,-0.2712073398901639,0.0
64.6086736324701,-1.3171747888057943,0.0
62.50309655297103,0.18970261207999575,0.0
70.32808747613711,1.7025701522417913,0.0
44.17203367030055,0.06763423006691976,0.0
58.460496363479905,-0.46302175410905094,0.0
66.52038144079154,0.44702415688567826,0.0
56.466111418522864,0.10571999546715494,0.0
59.6735689810787,0.027762131625501486,0.0
65.63251662541992,-0.42554221277144805,0.0
53.570347064693905,1.4219755592924648,0.0
65.93928203740168,0.4563633634807854,0.0
64.64729835467156,-0.5286706589354886,0.0
70.25405208385015,-0.10800383678095793,0.0
81.5418403049402,-0.7408667042040726,0.0
71.72504416492866,-0.608291150081495,0.0
70.21062021342064,-0.640725724190199,0.0
70.99454457030711,-1.1343115937222275,0.0
72.27392775121129,0.7772769637679554,0.0
59.83261351390231,-0.29104146327302577,0.0
68.85224675229202,0.5541275783267697,0.0
73.08751241836613,-0.6701258977272965,0.0
56.292400174569394,-0.06036249439233865,0.0
78.65652922815853,-0.7110405967911112,0.0
80.8137603445819,0.7196681705373317,0.0
63.68624011550611,-0.24841930670503823,0.0
67.58662208546896,-0.7308735859513859,0.0
61.21809657189927,-1.6417032288097841,0.0
76.99380483587817,0.2756665493407744,0.0
59.38777712554091,-0.7083850523381071,0.0
67.7752298975708,-0.015779217120995174,0.0
61.41080092192328,-0.4917301080135276,0.0
70.5095427701129,0.9541895808987649,0.0
52.05770728510279,0.544144752358008,0.0
83.26461642365693,0.4472120874548315,0.0
60.353935757937364,-0.6161211233234792,0.0
70.59894683116276,0.4662900435501895,0.0
67.87476955229691,1.714831608676043,0.0
62.378854880775016,-0.832186034150062,0.0
61.12219863364065,0.17233913922918878,0.0
79.3639854355246,-1.649216974417132,0.0
64.7435940689806,1.3985620921255355,0.0
72.7117018463731,-0.3979120985908414,0.0
61.98503114605625,0.7825788808419775,0.0
63.528185681522395,-1.723228250716323,0.0
74.72247150087848,1.7975393871259047,0.0
79.30408496111116,-0.35687152802559846,0.0
68.2468359767298,0.5456573234700275,0.0
55.78080128359563,0.1508182063325938,0.0
89.97956079750004,-0.2554707861877694,0.0
61.434506917657906,1.6857923026593036,0.0
54.58412600328212,-1.6480462063661798,0.0
95.94424587768152,0.29871365999200894,0.0
65.95967706149062,0.9106456722299703,0.0
55.38267311738592,-0.029856121636366265,0.0
63.16560233211318,-0.1181707843665918,0.0
73.6754489602227,-0.14268771207346503,0.0
71.9031155759394,-1.227636420410408,0.0
61.4827080274641,0.03812738409493465,0.0
88.22723600127959,0.5127175234723987,0.0
64.78420322006627,0.06859922748066052,0.0
58.15313409588448,-0.2722761011450806,0.0
79.6069339846066,-0.48972502237302673,0.0
83.29062846539682,-0.27929666927837216,0.0
61.825069023837735,1.2577442174960383,0.0
55.98652706960689,-2.0866349794205425,0.0
80.30438267415605,0.040071456547775455,0.0
49.52676386942038,-0.32775491729641676,0.0
57.733783406033844,1.4558079518368434,0.0
79.67446150050235,0.05549222544380277,0.0
69.4464745197761,1.484925598699954,0.0
67.36062651407312,-2.123890018045559,0.0
73.52816606494379,0.4595849048340562,0.0
68.4722557645459,0.28005786003768013,0.0
57.0131327783691,1.390533967073938,0.0
82.76075346006188,-1.6413486088230291,0.0
83.25014052886816,-0.1550358081183258,0.0
72.0533256377796,0.06606026178649259,0.0
70.4513401543201,-0.4957954945452093,0.0
93.39624806020058,1.2165777137429403,0.0
67.23567154984163,-0.3386821854453976,0.0
67.4042301816596,2.0347625440211536,0.0
73.64481249240505,1.0541779089389227,0.0
84.71321956142339,0.9508336970037996,0.0
85.92770754417484,0.5592989813908843,0.0
67.41427368323228,-1.063695591025548,0.0
73.08331245959346,-0.4310963375107571,0.0
56.21916532935923,0.5727513668572158,0.0
66.88023892083787,0.6775570335877171,0.0
61.59709604520694,1.3071838450812574,0.0
59.93168247701016,-0.46744100962590635,0.0
86.81576716267327,-0.8601533849246632,0.0
62.07713338193855,0.8591041927855306,0.0
64.68394091988546,-0.8096265760401127,0.0
73.65848787916858,0.8733118360704122,0.0
82.97825266973585,1.1997361764150378,0.0
74.81115126388835,0.45615303582705535,0.0
97.59355114021582,-0.3575790319685979,0.0
69.25332021748851,0.04108222614387957,0.0
72.58716440229746,0.5934659196032391,0.0
72.75600673984056,0.010185518712073464,0.0
84.35049386789154,2.1982963386704926,0.0
75.07238951109615,-0.9906709306271492,0.0
68.83770299612851,-1.002668587369791,0.0
60.52511405093121,-0.9768953867353252,0.0
72.44443455961633,-0.5895799225452156,0.0
84.01344831291959,-2.1789315201949093,0.0
65.89618206342129,-0.6296504269401813,0.0
75.28943618416582,-0.653284701927889,0.0
72.46147788684844,0.07851402517417629,0.0
78.63519658381314,0.41780058320608143,0.0
61.952462593621306,-1.2402163364077703,0.0
93.46647030526562,0.9000542427640723,0.0
57.208388929717415,1.8022422297905472,0.0
66.34448910013963,-0.20828510309499634,0.0
79.38092540905646,1.5743712374755716,0.0
72.96733172494113,0.19898949440518773,0.0
78.29986159081103,1.9887319185953911,0.0
65.03897666017437,1.1172834656881903,0.0
69.25195017319659,-1.5639046348397663,0.0
70.12231983638817,0.018627370661355457,0.0
85.69259614535905,1.0543249749040777,0.0
76.90429024383049,0.030546581040616888,0.0
77.96672108364672,-0.036883530845066945,0.0
63.420739074632046,1.269764750314304,0.0
79.6888263856305,-0.709854182146104,0.0
72.25581663568803,0.017515613278218337,0.0
83.89145315677928,0.3236257646091187,0.0
90.14060154918468,-0.33379096035356415,0.0
66.93234223972995,-0.020129103877537476,0.0
65.93696869554938,0.7750232632241703,0.0
61.359550088976306,0.43283762149999394,0.0
68.56420488283679,-0.8087175319795337,0.0
66.17974551049616,-1.1041239857992617,0.0
73.5950439957101,-0.7891021802566502,0.0
68.55433183066265,0.0012484557884866053,0.0
66.3840071921838,-0.15993978775704282,0.0
80.64585136127852,-0.8319574932171248,0.0
60.62119768848548,-0.5981504525164858,0.0
74.33107953151344,-1.5200392851920637,0.0
65.94058272811516,0.41785370321732596,0.0
77.24368504869965,-0.04001872535163292,0.0
83.85261546722231,-1.2597873434052702,0.0
66.96901746575928,0.02862050418778282,0.0
74.41032907273151,1.3426220105103532,0.0
71.7879286573318,-0.7399358529652597,0.0
62.005776004569036,1.3151376657209723,0.0
72.40787509741938,-0.3234574724834238,0.0
72.89120505278812,0.19782816784986781,0.0
74.12870820446174,0.09775080242218528,0.0
68.01601103179954,1.4015234160052454,0.0
70.94192300310146,0.1584338467855317,0.0
58.52389055156865,-1.1419014192038466,0.0
66.41885924520143,-1.3109703704412123,0.0
89.34157893139744,1.1725146582769859,1.0
85.76059671811558,6.327123153182763,1.0
120.9227011791137,4.69185520315033,1.0
100.83251039546877,7.387223361498396,1.0
118.38376774112518,4.803677577588139,1.0
105.92281928019106,3.226771479887775,1.0
104.58431398586869,4.705292670834313,1.0
110.38309318254542,7.119612589867549,1.0
134.07171109286776,5.052493235723174,1.0
138.5829029553738,4.7713296802552465,1.0
127.42345105298078,6.487107031016674,1.0
100.20354900905761,5.420718733259626,1.0
132.87262550906678,4.988145188333537,1.0
133.77793333215865,7.732120136806663,1.0
125.49294407224889,8.110228064118136,1.0
107.92759127961818,6.226652452657403,1.0
134.1771915073428,4.428081697029654,1.0
128.45637149353323,7.993821987041654,1.0
57.66286816801748,7.366239114663414,1.0
132.88904066822084,6.437794331056583,1.0
